rank	pmid	source_file	abstract_sha256
1	41779015	00001-41779015-abstract.txt	56b34c15e4db22676484f412f81cd86e347d3eae52f057007b4cddaccdb94e5d
2	41774080	00002-41774080-abstract.txt	ebe30304d3076580622fdccc85c2276b1357a90e42198f891f28c4dd396f8309
3	41773501	00003-41773501-abstract.txt	3bb7495b57b819ef29ec8d02bd8f73461060acff185e9d28eae226fe0cfa2508
4	41790565	00004-41790565-abstract.txt	2b04847c1b5ab51a3fa62c469d18c1d5e4c56543f996aa07b392ba5af495e448
5	41649942	00005-41649942-abstract.txt	4cbe9a35c12e220895fde7d9c07a9d63245baa9676cbbd0c6de0ce3766d8728b
6	41739071	00006-41739071-abstract.txt	1864e8295b4e6a5adfc5648be8f8ceeaddadf3728525ef66c318d97af943dfe3
7	41701003	00007-41701003-abstract.txt	15c2cc4cf82c67a69a7bd8f94dd2c2b6715102f46faf78ba5bee4ee0dcdeb68e
8	41671031	00008-41671031-abstract.txt	8bedcac6ab0a989c5d8875ed4d7bd14fd1473af3cf9f0da0bb5c3d0fe24f3f15
9	41553856	00009-41553856-abstract.txt	ab6c367589919c466c5a216b8ee4f6aafe564b42e3d95a3b5e3209386fc37158
10	41553838	00010-41553838-abstract.txt	bbe563529adcfe69c3a2510b461a0cb9c40bd4114133c8a3c245b109df5c4f62
11	41543052	00011-41543052-abstract.txt	080cc3cc5da8e5a3c5db68cfcd1f1614d6662996ea9eda5e2aaa85bc463c3638
12	41498776	00012-41498776-abstract.txt	816227c18d9e97c848f14466cc9344533cf8e915f45828e7d6b727d8fbd9136c
13	41525133	00013-41525133-abstract.txt	98cbd333fe5c38d3b4d1d6ab1103b575772bc4181eb05572ec9a87e681a6b18a
14	41609689	00014-41609689-abstract.txt	c81b63d4fe4177071ddd0fa380077c84d8c53e097a2015e5a0f591915df7e394
15	41568814	00015-41568814-abstract.txt	f5880e3c8c3a989dfca71caef8fdadcba3dea6b981a369f2f806e2ecc23ad5a2
16	41510800	00016-41510800-abstract.txt	084feab9900505dd0149fcebfbf935cf0788b192262822bfedd1d4546e2e76de
17	41568592	00017-41568592-abstract.txt	0826523e4e8ee7f41dbb861a9fe697ebf1788ff7126e25e89c07eeab6ac5c4d2
18	41568815	00018-41568815-abstract.txt	f26eae021be7dd2defd710d5382f9ed6fc573ca036ea1fcf2a0c1923af08502e
19	41364487	00019-41364487-abstract.txt	ae1970343bb11f2067ee0c9265a5b3a739c00a8cb45f35a7efc70c19f4ce35c6
20	41410399	00020-41410399-abstract.txt	d2f7f90472c57cc27f1d270ce3ac06283c79b855a80eecc6a142fc2c9a1f09d5
21	41329602	00021-41329602-abstract.txt	692350807acdda06d6d39e7ff706a3448478c2b1bff249e0b7db8d52cfce7bca
22	41369690	00022-41369690-abstract.txt	40f3620a5c669c4fbc7439e1ceac4c02982007af22c7001711df409ba1808f0d
23	41182829	00023-41182829-abstract.txt	8bb31e9741871559db525cf288400d3b586aef858511f929379d5864eac16cd3
24	41313628	00024-41313628-abstract.txt	6a8a8451f65974f4f488299e6d985e990b2ae2e41dfaa515df8819590ed3d57a
25	41236790	00025-41236790-abstract.txt	a536d7afa2b4dba567b46f67c9582c4a702b3aaf8b87c29a0b819462e4fbf5ac
26	41263815	00026-41263815-abstract.txt	433935930a0e6af1b938e265c5bd66ffe5a6fdd2c6496bb73de013c8eb5afcdd
27	41237040	00027-41237040-abstract.txt	2d99b76c70e709e84f08c87b0667be22b74fd7632de07b2ab78b974dfebaa353
28	41182828	00028-41182828-abstract.txt	36f289447ac2e55e5f473d2bdf4b0b65b128b1fd3e28bd3263a47f8e1b0aa22b
29	41123960	00029-41123960-abstract.txt	cdde7cab803670f0379a4ab0b17f0e3071993d4ca14e76e0a4249feb74086531
30	41042680	00030-41042680-abstract.txt	41323676ad6a8c455189a2be81b702d617c8c7fe8b749a124ad0ebd1ec25f44f
31	41166108	00031-41166108-abstract.txt	acece73bf04781abae554492fa559444a7ecbb1fa4de58fa105fb8d5fbe5348d
32	41925719	00032-41925719-abstract.txt	c1c6e823c39220c7d1ffbcc894f10e821d032e262610cbdfeec2a01be04371b6
33	41954244	00033-41954244-abstract.txt	9d6a951bf30b97acbc8944adbbbf552c03e88f8a6dc9ece6dc3337c8721dfc56
34	41949907	00034-41949907-abstract.txt	d0a81d6f71c47b428093f838ed568252c9c1b97c726d2eacbeb936723a21fda9
35	41949913	00035-41949913-abstract.txt	f80f3ecd30326398802fc7d44bec9683078899ab8a8579a95c9f49f39462447d
36	41944293	00036-41944293-abstract.txt	9d01f2986e58cc6a243604216130de63688513acd55ea70606e5daa45eab5520
37	41954237	00037-41954237-abstract.txt	5d52a5367290c5413590126bfd854233fd5bf8d4b0d6d380b30c7172b033ecd7
38	41925727	00038-41925727-abstract.txt	f315d80bf2efc9c981230ac06befd6de9385d233702834f95dcac590a2e0c49f
39	40924470	00039-40924470-abstract.txt	77828662daf458369107732c2db8128dc9f70e0529668063d82b9c20c454b8b8
40	40889139	00040-40889139-abstract.txt	0e076afb45d95225886cec0c0c917d62513575efb45d18cfd9b51a69849a4cab
41	41874546	00041-41874546-abstract.txt	fb50da69104b578dd55a9eb360bc9a4d946080d6be0961f70497aae43e05d653
42	41823260	00042-41823260-abstract.txt	6033116e87b48590ce9311e24e50bb784f70a3ae7d05a87335974ebcffb027db
43	41779016	00043-41779016-abstract.txt	0c82d0aa4cffc23586143aac73787f73ff1639647165a9dfdc9a1192f9ec9e54
44	41773481	00044-41773481-abstract.txt	d5ab8d2dc6f832e4f66e30093516496b0a1c3d699953e5cac6e2bbad50511abd
45	41871164	00045-41871164-abstract.txt	ba14a9edc7693ab41f0324239fb7cf6c81cd4bfa65c8bd7c03f725e220ac9650
46	41818060	00046-41818060-abstract.txt	4c373a5ce9c5c115cd40be622fd335aa3dfa282bfba0ad24e6937e98daf6ebd5
47	41774479	00047-41774479-abstract.txt	05f678954dadc1a6399d8b2d45dc2767de336b34fc7bffc6b13cfd075a9fa849
48	41802012	00048-41802012-abstract.txt	045e427363253465190607875ae549a5d027afb7f2ff73de9ab8c17175f42261
49	41817573	00049-41817573-abstract.txt	f9664d8ec64698f6da3e1697e8cc5c0956b70ea958350cda7a2a74b295e4825b
50	41817047	00050-41817047-abstract.txt	20e092d1fb3d4df6ede6d781365b317f716c3236eddcd59fb633aac9e21db1b5
51	41811927	00051-41811927-abstract.txt	7f598a16b7995f0dcbe5988f4933b378520ed7f82e4e277493156a5298bd2014
52	41785016	00052-41785016-abstract.txt	8741e039435d109f5c8aafce996168bbd63f02c3139dae54e31f516c52d882e3
53	41779013	00053-41779013-abstract.txt	1c3cde733d7dd7b51e8488f924dc6bc0efa6b52f051c5354625b6e16dee8c4d3
54	40787854	00054-40787854-abstract.txt	e0b14b36eccbb973da866d7445e01bf9ba83022914cda8279cba82cacfdd112b
55	40772812	00055-40772812-abstract.txt	4f098f4f1e7e0616f1e5e667a16956124e52e410cf00613a71608a405e44c57f
56	40778938	00056-40778938-abstract.txt	9ec6e9864304f8f721c911ff3ebb5ad1c1f79000c93dc2eec70b2f155d159d77
57	40875437	00057-40875437-abstract.txt	22ee190d87bfa73ee22ae53d1c3f233a1e83558608f44e0632f1a45d35c57f9e
58	40772834	00058-40772834-abstract.txt	e4bfbf6b3d519f8ad5052e9620b2967f2398e16bb2ae567d450488c4049d9134
59	40880261	00059-40880261-abstract.txt	8272f6e7deb0896c445b38c77a857aff0b1db0d275a6ad51de770eacf99f2ad3
60	41686178	00060-41686178-abstract.txt	7f2e19165420f204c595c5187926b2425e77a13944fb80caa0338599799c6997
61	41686070	00061-41686070-abstract.txt	e2828db5a8c0f623a9dd13c310d5c1b4b0b0445b623c141f56996253957798a5
62	41636756	00062-41636756-abstract.txt	f19001699cb75ca1806e7771663e30ed4d1dd95eeb1ea05bb26e1dd7f4f69676
63	41719151	00063-41719151-abstract.txt	09af6d903ace6f5dd530189d34e9e539aae4f6821c3b8f29dbf3d5d3ec8fcc8f
64	41678260	00064-41678260-abstract.txt	6bb45d3d6b2ecd8b4e458536b667c101ae08305962ecbf73c664b2b3e26892db
65	41671046	00065-41671046-abstract.txt	ae11ddd74008fcc0899e12e03d28afaaaf1ef3cb2e2f32b949618d427d93cf2a
66	41662159	00066-41662159-abstract.txt	507f6b03697526444cfb34ad383c6a7f121fcca43ae706430925c90478258aa1
67	41661668	00067-41661668-abstract.txt	45873a0fdacc66eaee0853f49719a6307d56cf692d5a0ca08f7b570379043dd7
68	41641692	00068-41641692-abstract.txt	ea91e69d1634b2240bf188616738cd1495127441026581888b03bcce8c79cf9e
69	41734014	00069-41734014-abstract.txt	7d326a385c0ee19d462697497b335a273dc0a60f1a61f2669a926e49047ab0eb
70	41729196	00070-41729196-abstract.txt	60d94316f6bbf4ed319a6397dcf64fc3da59e30570f974adf7e59248fc37e435
71	41696783	00071-41696783-abstract.txt	af52bb75a134601c017c34323980ff383860a4d4721503d8838b32dc2308c487
72	41686174	00072-41686174-abstract.txt	1e9e832dd5b04131517cc5f714db3171b3e22d209ef9cdbda1c5dbeb158f0042
73	41665478	00073-41665478-abstract.txt	7c711308873a72c1ac8f6fd59f4725d0bcc836e9a9f7a5b08f126082cded9879
74	41641714	00074-41641714-abstract.txt	09bebdc04046ad01ec52e751c3dd94850b4f92ecf0d00aa45818de65b9aeaaa2
75	41627974	00075-41627974-abstract.txt	1dbdbe9f1b3ed7ef6427781a7883ca3366da7420fcf21c45d3e8556c97765dee
76	41758554	00076-41758554-abstract.txt	0885ca0ab0b510ea0d71aad7c60fd7498c9e2ff685644004ff959c0849365be1
77	41733572	00077-41733572-abstract.txt	c1149975ed8d6a2f8d56cfc589819b43c2a751beaed610f4d9c4584e4c54bc0b
78	41729200	00078-41729200-abstract.txt	68f9b0ec72ff686cd0a3f5ad2aa051942d7a192c5d049b85dc2b4932f5d11bea
79	41706031	00079-41706031-abstract.txt	4604ed316438c887681d7f97fa5d71df351892659c4f49ff76aec0cc55ca9edf
80	41665931	00080-41665931-abstract.txt	cb0e4ad6b5b6183c8a07f642040cee19c550220febcbb091ed2390ba19167033
81	41661661	00081-41661661-abstract.txt	f3ec8212d7e18b5697f6e324f24b254f0f323d5c00bf3fb0dee300017a5e10ee
82	41746692	00082-41746692-abstract.txt	ebe30f84512ca8b0e2e9688c7340ecfe33b0c562d0ab77c5c6f8faeb70e9adfb
83	41729564	00083-41729564-abstract.txt	06792ab67d34f6cc359357cd39493dc182019ecbbed166c7276aada689631f7e
84	41637121	00084-41637121-abstract.txt	9410c5db15b3b3ab013a5267b6821a55ab41f2d34cdee10ac4089838549f5425
85	41632589	00085-41632589-abstract.txt	fa4502134c011ce8f979262e7d33059dd76e92ef720b3771fb97a5bbc42eb775
86	41627989	00086-41627989-abstract.txt	e2e7464c618a2d80b42cc94eac76d5be0578abc0f8468c10adf4f7b87349df74
87	41706502	00087-41706502-abstract.txt	7e53de5578be76a33be2fd688b2ee83020eaacc80415875994bc7750d29e2702
88	41700997	00088-41700997-abstract.txt	8e467731a8d369ecaaebc1ab317453c31fb8a63e6e57008b199c95d523501362
89	40658455	00089-40658455-abstract.txt	ad4a3e940a488e39ee17cc9237e3f0c6c76916e6ac489e00727cc67a58f75cbd
90	40632136	00090-40632136-abstract.txt	45006c78498ac152219004dc665e12f91125ba7746d6e7c4d9b6a6a3aff06fba
91	40720258	00091-40720258-abstract.txt	d256e6bb692b27bc62d8b1add3ff8abbc925a291e1f360978e8d34067d9e8798
92	40643100	00092-40643100-abstract.txt	f44f7547957fd6a22ec67d343ea3abd9b7a01e50307bcdfb987cf72bddda94f3
93	40627528	00093-40627528-abstract.txt	0502d058efcd714f5390bfa2f55a10b36b9e82d5c2fbd0cb51deff100444944f
94	40637718	00094-40637718-abstract.txt	f40fa6fa4a20d08edcda37404910a094afeaf309a0814b21fc84e55ea71f27df
95	40632141	00095-40632141-abstract.txt	6c5f0842bd6fd7a42d4b018ef20be2392213f212779e88631b5861a4f97e4ce0
96	40577042	00096-40577042-abstract.txt	c23acfe1c042ce68d6e07273f2ec3ea4730599d2c10fa0d575d652723a6807ac
97	40577047	00097-40577047-abstract.txt	7c1d43937f3c1c63c3b963a70cc71d53f0edeaeff55ba6153151649ed4b46966
98	40512541	00098-40512541-abstract.txt	43811724937a1a0afb9b635f22b63db86be3bab9aba3e33a09cd43ab667fcb6a
99	40459242	00099-40459242-abstract.txt	4d7d18d457c8b0e4e5d3e52ea545942cee2ea5a5e368776c50cb9ba016cb9065
100	40587182	00100-40587182-abstract.txt	59bdac1d08badb7985a8f9d26d2c86f657ea5d70cbd81f10a6136498a5967e82
101	40569820	00101-40569820-abstract.txt	842fef456ecef09b2b53c1e1c532b6180ce376a77aae15f45e2a48435b033b7f
102	40471659	00102-40471659-abstract.txt	6754d23956cbc24eefe0045ac56a037acb10e4c97de00b796dbf3a17e1749e9d
103	40536800	00103-40536800-abstract.txt	acb5d48d28f7145124c72fe561500ed9b501b231bbf16b9ab03f2a6a26d9e4e7
104	40519152	00104-40519152-abstract.txt	2c4333f01f21b44f4658708c0cc21222e6c253bce6c44cd8392393a69b2379cd
105	40478233	00105-40478233-abstract.txt	742b36dc2c6e09d4a303a7e5682dd39144fd6726c08423adb630677e0e1a5287
106	41568811	00106-41568811-abstract.txt	1a52e211bd73d09d15e293a32ca0d749cba80ac0a10c24c1149b662b11ab6efd
107	41532987	00107-41532987-abstract.txt	51ea708c76f679241dca523df1055bd9994dbffea875f3285378e12947e23d8a
108	41609670	00108-41609670-abstract.txt	603f8f801f59891ff86b9c70158982f11da025f70f62004c041038bad850d322
109	41587076	00109-41587076-abstract.txt	820a1a55fd164c93ef1676374c8a474ee541150c857b8ed697bee328eab2ffc8
110	41532985	00110-41532985-abstract.txt	68cfdf57de7124ec8e279131f0117f72aa255bd890b3416f974662522471eebb
111	41528124	00111-41528124-abstract.txt	d2530c671640adb45d03c7352d291b0643a2ee42db9e8222fa6ed82c87f2ac42
112	41498631	00112-41498631-abstract.txt	014f751125accc7f54ec2b94bada93b2cc74bfd96faa6829ab105cf07496eea8
113	41556759	00113-41556759-abstract.txt	72544abbfdb58828c170b1e5649fb266be51a4821ee92fea9cfa5ad931c81612
114	41537683	00114-41537683-abstract.txt	14d6f9c233870472f9aee7157f630c2f9ff815f938706015fe71cb7274f75e1a
115	41528340	00115-41528340-abstract.txt	ce5a94fa07a9a2b094826117cc33264e9639db28ec8f0a958ba41874867c64db
116	41528334	00116-41528334-abstract.txt	ba4e05abce86c2d18bdab255f49bdd1f6aec01f8f76b3f200ac2e19ffec45f60
117	41591803	00117-41591803-abstract.txt	5f07075a8c81a1fd9dd6b0dee7fdb4c810b40fcb914de7e28b6815137969e7b5
118	41568813	00118-41568813-abstract.txt	10ee8d9614bc5b5f0117cf41e41a5146f436264bfc1c6b7ff07ac110dc23b44c
119	41532972	00119-41532972-abstract.txt	a8dd27e00518de57dad622594970c0193ef035096feaf072ebf5f7bec1dc4c69
120	41528336	00120-41528336-abstract.txt	52904e43793349af8b17e260927ad82e605ff4e1696aeeac1e11e33c328561d3
121	41528338	00121-41528338-abstract.txt	862b14640e430c2dcd53ee650f20691d5b7692b9f7c7fdf349b5b5947c648c64
122	41609751	00122-41609751-abstract.txt	5cb01b5771c4ebc47315f396d4feb50ca8e5f261de2552350453130ca1d796b8
123	41556941	00123-41556941-abstract.txt	9b7eaf332d981a64b89876ad23427d8f07fb6dc94b7ca494ef63678e0eca8316
124	40445840	00124-40445840-abstract.txt	c118ef38b417d046dbdf57b5b2b74ef103f51ed016d3b3a72e541245253192e7
125	40338632	00125-40338632-abstract.txt	03a064ff0c06e097f07ac1bfc52c3687731820ed85979eb98eda6fdcd0b417c7
126	40378063	00126-40378063-abstract.txt	faff9f43d80dd648562ebd25fd170cd5f2ae48c7e35cae7942b1b72f85ae3423
127	40338641	00127-40338641-abstract.txt	6033269ffceaea2266584ec3b70cceaa54a91fb72ec3d438dbfd47f256727651
128	40445848	00128-40445848-abstract.txt	b86c27be8ef89c039056416dbac0c5bb892b9aa0687cb163b2a865d9bd45b58a
129	40358009	00129-40358009-abstract.txt	2a02ee0d441e6b482683506c32fe7ee087794e41e293bed896d5197b03948cd7
130	40343853	00130-40343853-abstract.txt	d572061b2183702229e6ecf748bf8c2d17a313844c28e615c2606c7e582fc5f6
131	40338649	00131-40338649-abstract.txt	a24bfb103be95655db0d1e6f800f0c2946bf3ca7753b425ea874c9612af39d50
132	41417013	00132-41417013-abstract.txt	cf8cdaa002c6cf64b5b9d09f87afd1145a2c7faf06239bd8a1353d66e763850a
133	41335122	00133-41335122-abstract.txt	19b47313e5d0e2306627af302c626c3b444933d5cbd193f4919198501de3d0b9
134	41406016	00134-41406016-abstract.txt	d1c71e799b28e03b3f555a84bce96eb954a6c82311a0e44d32c80c9f9becc913
135	41369523	00135-41369523-abstract.txt	bc937a53ad88af69027e6f3e9b2f75edda04c38e0e712001a56863d9ab292d99
136	41359371	00136-41359371-abstract.txt	e40d2d7becf23ee971e1f377a4a292354019271500a9e78c8ff06f2704ebcc5a
137	41369525	00137-41369525-abstract.txt	87b3ee8f134e465f3d59e3380c2b102b13534f7bf8ee02cfebf3418e61409cee
138	41335121	00138-41335121-abstract.txt	8ba53f7c58fecc5ea642f446c951cb36e1f22edf8a738881c71a3faf6f48265a
139	41417008	00139-41417008-abstract.txt	767305ca9490f93431a1d111342a2f719353cbeff898d3a57c5277c74010fbea
140	41369521	00140-41369521-abstract.txt	e5a3be48e15ad7b8646687b3addf7cae62cb2e33df42b8625d7415dd9a719df3
141	41359480	00141-41359480-abstract.txt	a778fc4436f215eba853ccae6e2da7aa7655876b56e2b9b8fb6a4482498d505c
142	41348572	00142-41348572-abstract.txt	deee21556bce7d72602e3d753dcd678c9ffcac90430cbc4d2c9350db73b59f27
143	41417621	00143-41417621-abstract.txt	d8e9388a1fd921a13e75e30937a8f317bb77cc1a666a687e427cc7c59c39a2c1
144	41406014	00144-41406014-abstract.txt	d4b0c42127346ab0bcc6d779c0b3e3bec827c69d4a23d42661a8dc317c853fcc
145	41417646	00145-41417646-abstract.txt	97f8f6b4e64b431c07b06807808d7a657d34aba2fbcac5ec871981b27afb53b5
146	40202776	00146-40202776-abstract.txt	83a137363d6531738ce64d09cc4defb27039896ff17537e91daaa93c77a32253
147	40208665	00147-40208665-abstract.txt	397b4192e046952d76de1bd021c536dac50ac3ca8f521e08ac29f7889100a6c2
148	40237743	00148-40237743-abstract.txt	e6a37db28fa9137a69eea11de3ce6ccf32655647fc7c751fef46ae3976e44561
149	40237437	00149-40237437-abstract.txt	71299932204e6d38cf70107588c779b198fa9a7d7cd9e111985daf6a05f03693
150	40177724	00150-40177724-abstract.txt	d35329aaddc91eb220a8157ca6a4c9390b7cf47103c0ddf61a2b10703f6b7806
151	40305097	00151-40305097-abstract.txt	01b558ff6d7be35d6a4805468bc1a412fbf198c33f646ee19402969500061c2b
152	40294111	00152-40294111-abstract.txt	246ec029c8cbf4025c2ed872ea083a2212b93a59af0aa973d502a2dddb5a007c
153	40279255	00153-40279255-abstract.txt	0dd5d88cf4365b5d5ccafa2843503b52e9c01f346fb21484ed36bc5ff5ec8eec
154	41307941	00154-41307941-abstract.txt	4023b7543a9d02d133b8476c81cc931d08eeef60ba3564e1a5bf1570336f8836
155	41201840	00155-41201840-abstract.txt	b6f094f67155abf567465977aaae7b1414be17e671ec176438eb4655e129fd66
156	41191404	00156-41191404-abstract.txt	8bfd24314b969ce9a7267ccabe4103534aaf8ba1f310e36908bf5998a0935886
157	41191402	00157-41191402-abstract.txt	c6d2964fe09b1a0d8ab9b82aafdf6df2d2b40e8ca1078546e6424bc79d88c6bf
158	41259087	00158-41259087-abstract.txt	102b2b7540a0c31e023797a0616b277d98715820dae9316bc7e9d40d49f31432
159	41223244	00159-41223244-abstract.txt	4dd5461baea75c3229b0d568f5425a72ee56bdcd7c9b467d0c52cd2157bc9c94
160	41259095	00160-41259095-abstract.txt	f6cc864817807c2e24614f52fbcfa74756c5408259a0d642e1f996f8dec982b3
161	41187073	00161-41187073-abstract.txt	3ad2c020b5179b2a9d94c1b77c9a22921537913dbdfd01b6b22450486f381ce5
162	41237020	00162-41237020-abstract.txt	f603b0aec19679d919f17c75465687566a62e9fae472f407b01fdc78b6e56dbb
163	41237051	00163-41237051-abstract.txt	cedafa149a25de7966df2f3e901e8246fc44e39f87a800f498bb27bbfad2cfc2
164	41259099	00164-41259099-abstract.txt	036d6996b3024ce8aa9bc4e1a6c2fdc570b00882612b506058f6e88cd059e355
165	41236807	00165-41236807-abstract.txt	cb3d66d9a5c2071426883028678ae74bedd24c81bb1018fdbe5ac906d35ed3b5
166	41191400	00166-41191400-abstract.txt	dae0683570b6fb5f922a03876dfe1217cf80e45535afdb64bcbdf1569ad4d609
167	40085484	00167-40085484-abstract.txt	be19fe045bea3dd5c0f8672b22e4ef2e9f810454466a52b6caa90400d95d4ee1
168	40048583	00168-40048583-abstract.txt	b44a35ba51388d9057cc4430f149367a796d67d6b36313a2b353fd5f9846d949
169	40029285	00169-40029285-abstract.txt	aa060e1b6d22e0d046bb6f54a1165b679d7ffeaf8148a1e921e9a079ce6d9e7b
170	40111394	00170-40111394-abstract.txt	d71886c9d36ba3d4dc8af64b908730b43c99f5cd55d7c56bb6bc4d8ec17362a3
171	40094778	00171-40094778-abstract.txt	5c04270b17db81c1cb7a85691df056f9a2cfb569660d863ec0ed0aceb83833f0
172	40067351	00172-40067351-abstract.txt	0d8b46f1deb24030a63e0ff2f6bdaceda4c6ef3deff5f0bc999a08cc734ffba5
173	40063667	00173-40063667-abstract.txt	69423b3b39b5014b5a3709ad143164a1ebd60b597024746bdaf99fdeef20750d
174	40042989	00174-40042989-abstract.txt	077096ba561c39842bfeec096156d2be184996c226c04738cb9a7f30a4c55018
175	40131329	00175-40131329-abstract.txt	2347cdc867638cf0d9cb7246330705aa7e510ddd75d33f147302a11c6c67259c
176	40063668	00176-40063668-abstract.txt	478c295b62b96fca2dedd094fb16764693a838b3f96655ee20b02aa01ff57981
177	40042984	00177-40042984-abstract.txt	a91a30e6110bd26d6fd7b16927c339a38c87902496205f980fdaa7b65d9be215
178	40085491	00178-40085491-abstract.txt	f29bdeb22b4a9f38d0d60a1e60f7c75234c8417a5340e05de790285a701e4257
179	41166405	00179-41166405-abstract.txt	b210a36c34b47194178558d53cab29f342d4b47c670e703e793bccfe7b5801c3
180	41160437	00180-41160437-abstract.txt	b1b3e688f2cbda2856675286055e4c8ea75e0c38c13d228e113c5d7c5e7bf9cc
181	41123959	00181-41123959-abstract.txt	a203530c7bfa12a0319a4d37750a1e3d15689831faf0d39c885341799316c43c
182	41099082	00182-41099082-abstract.txt	989feb3d1067cbf37d3b4b887d64a0c617e71874eb67111ecedcbf450128199c
183	41051866	00183-41051866-abstract.txt	e36e82f1e1514be6916c6b116dd25f8698dbebaef3b81e1075f54a6c9345628d
184	41150054	00184-41150054-abstract.txt	ea3d566673ab0476b883db949c1f42a3c4b48d0acd690967c166f4cafadcac2c
185	41143871	00185-41143871-abstract.txt	ec8440e686bbfbff2ec888c61c5f89b409b1a0e13f8f6af3ecd6f7f82d2280fc
186	41042684	00186-41042684-abstract.txt	3a59f4ac63c5fbddf0da7817137171ff9b6b564ebe486094d15dc3f99d9fecb0
187	40009062	00187-40009062-abstract.txt	62c68db90cf5b18b17f8b737c3fd41197278ff788e645b22a081a4f41a68a89a
188	41150733	00188-41150733-abstract.txt	787d656912f9080d25763999b737cc4cddae63ec0ba3f7e85299218392668807
189	41134294	00189-41134294-abstract.txt	a598bf2b098950c77807d59d307b13c7b1c8ed920db3d214e3f4b7e2e714de10
190	41032358	00190-41032358-abstract.txt	8ec54482567f4794bc018ef848ad20ca1932787e1aade3d7e8d568cf67138f60
191	39999156	00191-39999156-abstract.txt	11fb33147db2135e72d7be800b234205faae906100365870d6915762736da641
192	39928396	00192-39928396-abstract.txt	eab5911626f3ad3c0f1a78278b2657ea9783705ff15e5e6a23117d7cfb3e3807
193	39918553	00193-39918553-abstract.txt	0d4b4e7538cb5a64a906ab1da72d0ada2c7cfbcec2e393ab75c9dffc50238a98
194	39907557	00194-39907557-abstract.txt	e50d2b494f6333bf3bedea7bfd2591f3247aaeddb2b342d4f3673daad8648166
195	41166370	00195-41166370-abstract.txt	94de485b7656a25874b11b2b39fc901124caa3ca5613b9abe478a5805e69fe47
196	41055944	00196-41055944-abstract.txt	699378729370dbb568b30d5643f3e7cbfbf4f937d01e5dbe90cbb0968a4ed406
197	41150160	00197-41150160-abstract.txt	d11b0258dd4fc280a640bbc41a228bc7c98166cb13bd853b0d85796b6085ec2f
198	41160440	00198-41160440-abstract.txt	90875c52a65ea8dbc0504825807638a679594cb45ed54677b1cf51234a983bbb
199	39928400	00199-39928400-abstract.txt	434649f009de4e06d708940759324cb2f25cc83fe424efe6ae95ccc97b06648a
200	40009442	00200-40009442-abstract.txt	2b51895c584f26ea2b3700300da713c35e846db76179a9df10a18b4409ca5778
201	39913296	00201-39913296-abstract.txt	626aaf77b4ade9e2dd3d0fb15bb8e9b95415df47ed08767673a0548ec390168f
202	39903503	00202-39903503-abstract.txt	f0e974b44cba712d424c6fe89a26673513e4d2e508c4edac0cbb5aa7212f015e
203	39847420	00203-39847420-abstract.txt	afe1eef7e50504203a88ee76e1ad986677021065e4840ab185885ba1fa14184d
204	39841530	00204-39841530-abstract.txt	6655ac4b87cfb6aaf114ac7a3a3ba930b5d891ffbd1f7e5dbafcb2853b63c303
205	39751440	00205-39751440-abstract.txt	f02e8db89ee0b0312509879ef723f16c0b2dc4268e324c801843d92cd1dc2df1
206	39869511	00206-39869511-abstract.txt	d02b1d5c7375f606384448ae264b5673ff153f620e89527d2f3f429615fd40a0
207	39773688	00207-39773688-abstract.txt	dd1ff1a4566ec93234f8e34362bb1f7dbc6c0fbfe041636fd014f717511cd11f
208	39757983	00208-39757983-abstract.txt	b76891bb8daef83d82effe95e6e056444239cff6908672111545425728add0d4
209	39841528	00209-39841528-abstract.txt	95f56d60a6e9d8ec93c986c80d5d6a2818fea9b578138a08caf8c6102a94a3f4
210	39836460	00210-39836460-abstract.txt	210bf43ae1274e808fd70ac03b77e27218d8d0f501bfb9b560118a4814a83500
211	39773342	00211-39773342-abstract.txt	44695944e3ad07d0abc6eeac6dcbbbfaa2862d2aaeb2a88f25740ff4b5142e27
212	39760639	00212-39760639-abstract.txt	25759fd5b446cdd9ee3a485f3391e967bb64005fd49696c646d399d004721e56
213	40991451	00213-40991451-abstract.txt	59eb7e0bdd41013d0885b8c815b1c3eaa362d5ea31b4b9db0900f3fb0c20bfd4
214	40977492	00214-40977492-abstract.txt	a24cef08f40f2ade24420e333529ffae8b79fcb3c3d6f1dd948a09559735f4a3
215	40952898	00215-40952898-abstract.txt	3d626b6e32f2a8d5183552bc7804ae7234a609e61faaaacb6afe7579336d7ad9
216	40889135	00216-40889135-abstract.txt	e9859d5434c73580535eed890c97c9f1ada508ae8b2625d87d63b8273ccefe34
217	40981539	00217-40981539-abstract.txt	edc623e4d998627874b76aad53518938de9d33a85dd53fb85d3bea2afa5d9440
218	40924616	00218-40924616-abstract.txt	a3aeb976ffacd01d6115fcebecb4b57642ca20e76b679bd7d2fa58a2dfd23cbb
219	41021387	00219-41021387-abstract.txt	9cc9c8a4f9eb48a844c02c973e10c12ca9b263d70ba56c465762dfc1b5012539
220	41004358	00220-41004358-abstract.txt	b834683117d141d535338132260152194c2f5cd385bca996328464a03ba32a15
221	40971203	00221-40971203-abstract.txt	20e03fc5d064db445c0581a4be1072991523af3fafa462bab30783bdb720b6f4
222	41004378	00222-41004378-abstract.txt	33057c7085ec50ec87b8af1a0e2b19f481a95799b88b2ef132551227e78d737e
223	40932472	00223-40932472-abstract.txt	5d8f385e7f730aac5e34344791f27f02cf4220219839f827fbb1ae680662aecb
224	40996805	00224-40996805-abstract.txt	bf706c7a77dacb4ccc03f99a8db4e56961b16b7876e5b392e6ecdcd0f172927a
225	40965965	00225-40965965-abstract.txt	7c580ac78aa70a682a4fdb785ab5edb433d29311f07793984109d9ac47e0ecd4
226	40938759	00226-40938759-abstract.txt	1fce3c9985b6fac6f32ddf4c3d1d1f10bcbc9b7d642888ba8243ffef4500fa17
227	40981829	00227-40981829-abstract.txt	b9df68250f6130abe91a4ae4fb40c54464349e6511964cb8bb40882e04af6e7a
228	40938766	00228-40938766-abstract.txt	22fedf72377a58e736411b523dabc15a484bad03f90aa722b8d12b8762cbee84
229	40934107	00229-40934107-abstract.txt	01d7f0a1a7090455036c91dc629dbff3e527cbd5be9e439158c25db85310653c
230	40920555	00230-40920555-abstract.txt	636edc8744eab004c460bc547faadf27fe1031722b1cd6688ca390777c2917a7
231	40911467	00231-40911467-abstract.txt	1856cd22beb05772dfbe0ca6516b5258eb1d7306244a56d589e92ecf845db7e5
232	39693129	00232-39693129-abstract.txt	0dbd89cbed2f0fede068a519f904408fe4c93ff71dd48e30e160ab4014a12076
233	39700041	00233-39700041-abstract.txt	994e7206748649eb6294ccf97606ee32bb3ee0d5a451fb7465ca76407a075c9c
234	39671238	00234-39671238-abstract.txt	d079cdf4c923a745d66e5bfe5d95593efba23e6e3013aa0756896753de40d1dd
235	39625753	00235-39625753-abstract.txt	ed0346ea173db25e7f5d08d43413b16cf2353965005cd8e87fde8c0a85755ec7
236	39630498	00236-39630498-abstract.txt	067261c3718889b893f2f83c52994fd94870b213d1859a60b57e63e6d7a93120
237	39693142	00237-39693142-abstract.txt	cfe40abef20180ed0b569f9b8f29a4679a3dbe54c6fc402ef1ff23924b0663ed
238	40880251	00238-40880251-abstract.txt	cc5465013441a96938eb55f0808ef52645de2170fbf962ed2bd88c6bbcf70101
239	40839525	00239-40839525-abstract.txt	de4bcfd9263b256f9756e9a05c54295ba28822e6547f20125e978bfec08a2a0b
240	40787844	00240-40787844-abstract.txt	111b433a36b2c99bf084a74d8784a7263bd8e4675b287bc6c9b331a52f16d58f
241	40778933	00241-40778933-abstract.txt	e9042d72bce65a2ec51566925a265ae2fdc934d576f70c27844cb294f88e2c27
242	40772833	00242-40772833-abstract.txt	d54cacdd73cac1cd4e70dc62c214b0a5cabf88a3608433de9c8a2c6e555aec45
243	40824767	00243-40824767-abstract.txt	dc6d81eff47d4f259bcc1f9d08ba9b13ff187d6f50d0a94102308b988e0d586f
244	40767618	00244-40767618-abstract.txt	d50b2e35aa19e8f0c8c67c46c81804ae548411f15a4eb84ad15f33d6ced96d23
245	40875390	00245-40875390-abstract.txt	b7e69ffe7e9490fb660b27c791c8a1768f2302f5d92d2f6ce264a1d8881504b3
246	40811087	00246-40811087-abstract.txt	d04d0f3f14809f67788e03675b61b020aed1b648a6bde8789cf57c2b4a8f88d6
247	40772819	00247-40772819-abstract.txt	74cea608b3677cdbf56156da987a570730e6c31e94ca189cfbb108499dbce004
248	40844915	00248-40844915-abstract.txt	44375389264bb8ead6dd4a9ab1e5b95b19f2dd6b0f855e58e2d2ae5c336e4fe3
249	40828661	00249-40828661-abstract.txt	6e38332faa36bbfce7939470a8260ff5ae7a6c627f63800e9577e7f680b08922
250	40748780	00250-40748780-abstract.txt	b06faab427d19ee4dcaecdbc8843d1182189a740cf5de46e04df8107e49acef3
251	40758410	00251-40758410-abstract.txt	e36c768e4093300308de2ef3e014054895bb14f07713732e9bed7e932cd4c491
252	40880246	00252-40880246-abstract.txt	9f24ff24d1ac42e8c276a2c161b71fdcdb21c50341cf8d34de7f36fa86b54080
253	40787852	00253-40787852-abstract.txt	83ea98f546e1decae1cbba47a0131b34892b5306921799e8c6ecf5cb2e526d8e
254	40779310	00254-40779310-abstract.txt	eb40a04db185a5b17579e0219b284bd701e0c6fd572edfb8f1b71c2f428a672f
255	40779302	00255-40779302-abstract.txt	8a84ea5aeb9ad2e708a5dfd6ba2e642509af20df718d1481d4822ea3455aa69f
256	40748782	00256-40748782-abstract.txt	fde717219979a162d0b8e0835f1b9577e2cdb1553c9949ed3856376d94e6c485
257	39556500	00257-39556500-abstract.txt	3d51da43626822a021a33f888d6b77552e987bd6c7f77ba22837ae0c0df3e178
258	39560674	00258-39560674-abstract.txt	1934c051c3c442e9a85775ee1db76195906742865900d3f6187cc3f7617ad061
259	39527472	00259-39527472-abstract.txt	51ddc940ec2e3010a59453c5bb7caecc56b5a18c3ae57bb07be5a94b34c800f0
260	39565723	00260-39565723-abstract.txt	a20aa6ab4b70964cff39d0d8d190c1fb708aba719527e0c9c4f68b5b6dbd759b
261	39535936	00261-39535936-abstract.txt	cb4dfc05e2f50ca0759dc8f7cdf917290f52d100b4b2726e6e5e8ff086cadf5c
262	40736907	00262-40736907-abstract.txt	6f6c22d6a1f29eb38e1c43e90710912a13bcf57df5d0516cbe50db0a3b3a093e
263	40663379	00263-40663379-abstract.txt	60cd6d78d94a2ee6f7bec818abf415be5db3019aad219ade6bc37cdd2004346b
264	40663467	00264-40663467-abstract.txt	171084f6766c21bd1290c7c45fecfa5d7d01d0f2c7bac2422ee367e7581bf63a
265	40658460	00265-40658460-abstract.txt	91c953e8c3050b60ad751d6c04f3f1e83374a3cb8589beb4520c5232330a7fc4
266	40643561	00266-40643561-abstract.txt	ab31935e535cb30bb468e8f779d5442d65735273332d9c78a26683811bba666c
267	40728944	00267-40728944-abstract.txt	7dfda2e34f6d4b55d409e1384d4ef139ba0f7bfd0a93cbba9183a8113d700cce
268	40719415	00268-40719415-abstract.txt	dbbef5598afc24ae62b7236bea0237743ae9ae0cb4df937c4b2771bc863eeab4
269	40643564	00269-40643564-abstract.txt	856fe0530c1eec8cd354413253dfca238cb30e493bfeae97ae1eb387a1a90900
270	40600246	00270-40600246-abstract.txt	0aaa6a55172eeab96cdb3db32df08101e378cc06cfd0978f8af68bbb1a9be8f5
271	40737040	00271-40737040-abstract.txt	dea0b84d16199d91dc428245ffe685ecbcf178b7aea5596a74fa830dca008d0e
272	40673902	00272-40673902-abstract.txt	488c7abf383fe1c6fd8f9794d6378773ad6872556fbdfa1b6bac8222d5e8db25
273	40632584	00273-40632584-abstract.txt	2d6c5ba544e7a9c52512f7223306fac52791eda85ca8e2d795ee64ca227b705f
274	40627438	00274-40627438-abstract.txt	5ae2603e12f04cec17011951685a803741d95d3b4b5369da7768a21d70549d9f
275	40622755	00275-40622755-abstract.txt	11ec84e78f399f749b461a1367a769b6b87195092a99ff1985c5953e171aeabb
276	40658457	00276-40658457-abstract.txt	aa07f8104b44332f5fc60f3ce7d269600840acf6708f4d19a558b92be22fee29
277	40642976	00277-40642976-abstract.txt	925f8ba2e717b0d45c1e4665d5c246955f96aab518494577fc95849a04ccd75c
278	40621810	00278-40621810-abstract.txt	e7f635827575c172027bb6833af7c5379db01024eed429dfe2afdd3b5b63c473
279	39361511	00279-39361511-abstract.txt	62f3e58387a7039a280e2d38b4726f22a857775e9ed86c45989f728c01b985dc
280	39432413	00280-39432413-abstract.txt	be9bdf101634f34906e8b9e3c1f565f89143b917d768fa9194f303c4120d97ce
281	39374062	00281-39374062-abstract.txt	5b136dabd0b88ecb905b4334ea840838f3659b6369aac3724485b8d2badfa0e7
282	39446649	00282-39446649-abstract.txt	91a6be31ad5e2c666c6f71002baf25d7404f6ccec61c470fea675c1876511423
283	39412864	00283-39412864-abstract.txt	8814df011b2fa13abbf827f68e79c80793d5c968bebb5fd19f0d0f440f2e6c60
284	39465541	00284-39465541-abstract.txt	7f5655ee8e6fc0f1d9f4e99432914204c08420c68053121595237169d7f9a2ef
285	39312295	00285-39312295-abstract.txt	befc1a465b864c74ecdbbd8b650f1c88cee10fe725f62fd78ea717ef7eb1e7f0
286	39235833	00286-39235833-abstract.txt	b8ae93ebb6877b7a85b0de2d9fa150de4f94737d29e7fbf38294401a8a765271
287	40553094	00287-40553094-abstract.txt	d8f24ac536bffc9bd792798a621d90868d5091572a3618a7b193dbd96a4860f5
288	40512540	00288-40512540-abstract.txt	7ae5b28fe0c66a2b48781fc0a9e3601819078437e57a502817265443b14d3a04
289	39331838	00289-39331838-abstract.txt	e77096aeafc8c91b6a09116185f1d6b0c6f2c0511db1c4bf3d1edebf10e5a872
290	39298203	00290-39298203-abstract.txt	205836802e8a1bd75f4254c2a27581dd1dfbd3e8aeb18b6707714235a89a8980
291	40540406	00291-40540406-abstract.txt	72930f81a2eb7815c8954f12ada217b00b08007ee3e66e8da1652188022fa002
292	40536799	00292-40536799-abstract.txt	79adaf5fde81543b2050e8f4a7aebbd446749eb0ef7171c2aae7246b443d0816
293	40478232	00293-40478232-abstract.txt	7ccc489f2d9b0fdbce08fde95be14ff8b8a2e9e494f136759db31e3f1de4a566
294	40465470	00294-40465470-abstract.txt	45caef6dc861a782e1d3310442163216cbc9647645277ff7551a12d7febbc556
295	40531665	00295-40531665-abstract.txt	df3e52bd3be50f1fec9acda2973438c43cea6de3d1f5dd6eee75b59df880e54a
296	40459251	00296-40459251-abstract.txt	ab417909d62936579025507fb47a561d731e3f8a7f4e8bb7ebdaa8988e8ee5bd
297	39325648	00297-39325648-abstract.txt	f32f3318e18a1c56a7b262704b7894cc42c7fcd1f3aa5854704f7bc30d1452b2
298	39264701	00298-39264701-abstract.txt	5ebe8029e0986f41cdb31c2e82e57ea6e7c1208d80c8b3fc19fdc5518d28d18f
299	39264830	00299-39264830-abstract.txt	214ddb8977c01b14ff2df07aa026f68f703902b66cdab942089ed3b4b77fe65f
300	39264709	00300-39264709-abstract.txt	4b3021da8e1e17f34a468bf748d8cc136bb49037276562e3b2a65ccdd2c60568
301	39255017	00301-39255017-abstract.txt	47a3f846517912dee91a5c54c39616d48d3baed69661d37e8d5b9d28e29dd730
302	40536504	00302-40536504-abstract.txt	d28e7b193052aa01973d1e85427c4ca5fcc98b77ce6ae927996d34c6f7381cb1
303	40522818	00303-40522818-abstract.txt	12d2e09f26044e76c2ae996310cd8018d3aa786058fbc57381ee11a5cc43e61e
304	40471667	00304-40471667-abstract.txt	f6ab7f09d29e8b8c0dfc062de356133bd63775f7be7a70eb71baaf25ae0dc7a0
305	40553501	00305-40553501-abstract.txt	6bc377a670c112effcf10949bcd382b12883ca546075f771de04081f3d5c560a
306	40540410	00306-40540410-abstract.txt	59bbfc30921250fe7528fc1a37f23c076ef44f38674942332d53fc51a9170f0a
307	40569822	00307-40569822-abstract.txt	cae59558519583b8cddfde823d64afcbd873dedb826a977c76f0cac6ee580d6c
308	40455570	00308-40455570-abstract.txt	5d1ceb654a78682de7715ffd1219039a8b52364ed05c9fb0db032440aa640928
309	39196616	00309-39196616-abstract.txt	bc26a02ed2bc9e66b591f8396188bc55e6492ba47851495b162dabb8acb7a17d
310	39190454	00310-39190454-abstract.txt	f24b9e1d7a2c8fde67ec56e5876635296b05429fe7fb139f35efa05968f421e9
311	39190453	00311-39190453-abstract.txt	7a0d651da9500a8077436f0320c2b2d9a3bc12bcd570ffeb129addac140af6c7
312	39140846	00312-39140846-abstract.txt	97407c2bee7214e5408392ebcbfbc5e59e0fe67fb28e9c2ea2d537ad0b51cebd
313	39190463	00313-39190463-abstract.txt	a8cfa02f735b63ae37166d324195bddf80418d94f49b247a0922a4ec7cb71d1f
314	39141420	00314-39141420-abstract.txt	a08941252e66b102da6a310b4b9f055893b831ea08791ee50cf5cfe6fe629096
315	40402165	00315-40402165-abstract.txt	20bc6917fd3c694e069ee2c37fb55617f386b7c7b8bff01d78149abce0b4fada
316	40397506	00316-40397506-abstract.txt	fefe26bfb746527c0d4ccd2b6ab784030030e81a58d86af54e426d3536f840d1
317	40445844	00317-40445844-abstract.txt	d09bb887eb38eff15cb2b715d617c0e9ce7e427286b3d01ffa29cfd7814e54ae
318	40397495	00318-40397495-abstract.txt	4dd645201c9448816ab128232909cfce908c8186abd28a1641b8e528a4c511c6
319	40366747	00319-40366747-abstract.txt	78cd9534de5ae3234de9f40320fbf278f4c847eb836959c4540eee43bd3249af
320	40313181	00320-40313181-abstract.txt	37545a5475db2e0f205adb6baec936c504f841fcf2c2ad6f73944ad19516ee12
321	40388214	00321-40388214-abstract.txt	54bbfc9546ce5396f40554df89c8e456953c9615a1d41800074d02c0c5c9fdc1
322	40354190	00322-40354190-abstract.txt	ab648a4c3cfad2339f08b1918ba76f67e490fc58ef8f70b439150d9d6c609829
323	40338647	00323-40338647-abstract.txt	2280b390a83716ee1b3eac603cd9ca69f1089bf7a4f5a78484bade8cf77b5372
324	40359131	00324-40359131-abstract.txt	e703175af98b1e77b3982730992fe08e2e8f983b723e852828c37a5390661a39
325	40354191	00325-40354191-abstract.txt	d21aeb1a1d3900e68ac92b9c1048112a43b3a5522cc25161c0b09b67deb3c91b
326	40444331	00326-40444331-abstract.txt	1db8431cdd259cdd93356479408cf3223178961d99f0dba07db608487ed0a778
327	40388326	00327-40388326-abstract.txt	9bf8d5457d25029ff0b19f3c202c5ed338ae9207eabea9e38134b25025e288dd
328	39058544	00328-39058544-abstract.txt	ff8aef40221471a91a27c5221ab77bac6269cd75088f001021ce5e6a506b58c5
329	39078400	00329-39078400-abstract.txt	33d2e8340d75edc807a0165a6b4671862bb0b113e1d140ceca8e40c34129c0c9
330	39058535	00330-39058535-abstract.txt	ad1efedab203eba10dff71c99ca01d373daab66e0ded0dc7de0a12f48b93d01e
331	39023135	00331-39023135-abstract.txt	0eacb7b21dc0d42cee799fcbceffdf5f0b0be20977278eb60b79fbac2d977417
332	39016536	00332-39016536-abstract.txt	46721eade242673aa26d03396cfa58a9ffc4392af3c3ee0ca68583373336b9b9
333	38995165	00333-38995165-abstract.txt	c234c74cefd0cf063a28d419b4be072fbb24d96e3e9f1b2f285f833c97c5f4b0
334	38995185	00334-38995185-abstract.txt	202a57eb4667e9d63a89eec845f58ee7ec3575c66156627c9744a19e9ddab14f
335	38963413	00335-38963413-abstract.txt	2fa1513597e2bad32883a453c109069e779b8fa4ff8d24d6834a1afc301c1885
336	39078398	00336-39078398-abstract.txt	2cae3526cc25bc701ae8c5bd4f709e6a97d4ae01a082448f4e51ffe56c2badb4
337	38967634	00337-38967634-abstract.txt	d0407f886e6c70e63f539f223ab32e2ae2fc9f676cb265aea910ad3c37ace46b
338	38954457	00338-38954457-abstract.txt	596410f152ee5a359bbed54fe0be981cb3520da227241973c38136f950ec5da1
339	40293928	00339-40293928-abstract.txt	f2dd282eaab8b774f766398480fdd95a60fa82ab0eda7f3bbbf40f5f7aad7b92
340	40237765	00340-40237765-abstract.txt	5692a08d3c0226817039004fda0e360282ae227960a8015bfc5dc60526d2e2d3
341	40232952	00341-40232952-abstract.txt	9f2d3035bdec4baca01b1d377846924235ca1017f317fd349bc71f5a0e586186
342	40305392	00342-40305392-abstract.txt	63216838a7c7a4cf642d5eb244cd875a41c91fde23c65f38f7e4cb9e470180b0
343	40261694	00343-40261694-abstract.txt	30cd7bfe107d4cf30addb26f5c55d7adff7d9f5543fc1b0b49cead23035c3e59
344	40232812	00344-40232812-abstract.txt	84c65f7810ba3939bf7ff6ff6e372e24761e9de9848bd250b1f2bd6932fc5633
345	40215097	00345-40215097-abstract.txt	796ce45b416fd0e34028b3fc59de1f41c9e1213419a227e19005b0612c6e2e9d
346	40193177	00346-40193177-abstract.txt	9182526c70cbc8808af7bb90bcc98acb1e5ba900073da9bcab3baf1ed5d1fe52
347	40272875	00347-40272875-abstract.txt	8489ea03addbd7bd0ef9b50fe737a150124126fbfcfc2618feab9f30be8bbda1
348	40266890	00348-40266890-abstract.txt	9d86b413788ea75bdde61f3d13d98447445883e145df8676b27c246735d553fb
349	40261691	00349-40261691-abstract.txt	5ca89f1385dd9d4e2cb9f1ee1ce3fcd640eb6a452509f3bd71659f8e2f56325f
350	40184183	00350-40184183-abstract.txt	89c6e725cf9498c581201633601da2ed438f15fa01f8ac48db4eabb68f74d898
351	40272872	00351-40272872-abstract.txt	27dc1b2c034ed85b3a0bccbc124e1949d7cfead5e1e23fccf36aa5b894463d8d
352	40232954	00352-40232954-abstract.txt	a8356fa62eacda29854714fe24e08acc3ce7b90e76902b33273d82795a992d28
353	40202508	00353-40202508-abstract.txt	8e1b952d251b172b9e39480ce7a347e8c2c8e02e936cd898957945d4ff101795
354	40272878	00354-40272878-abstract.txt	67a437e9ae0470fa81af671c676caef312d06b3694ab5d3a96eaa04fffd00081
355	40202503	00355-40202503-abstract.txt	536ad6c281ab9e479bbe7cf28b55f15f3fef6df08d5ff74ed036d5ebc31f3926
356	38865172	00356-38865172-abstract.txt	b16968160bb50eacc817d464f83224402d80fa849314ca5e6699380406019954
357	38896461	00357-38896461-abstract.txt	01487f57b52845c19c67f3e6b4d75f6e09ab229bd6b43105c4f5a7f11b72551f
358	38848117	00358-38848117-abstract.txt	3d483ab8369ab77cdd26749c9a2897aeb086646c28e1d282cef49cb67b1d96a4
359	38888593	00359-38888593-abstract.txt	1741564d826341165bddac3707fc903a916ab5f6c8a059ef37b7e147c6ca40d1
360	38842428	00360-38842428-abstract.txt	1b2c5529314a8addc4b67b91cb1b34dd521ac96b2f01ab6b6f6293c15b1b1a58
361	40162554	00361-40162554-abstract.txt	d7a035fbc61a3545bc2bfb8e0b8aba5318299ce1f832829986f96abcc06c65e7
362	40111402	00362-40111402-abstract.txt	066b2beddc310297b2e54349a8feaf851807e99e6f698ec1617c034c8134bf87
363	40063669	00363-40063669-abstract.txt	06e57a0dddbd5efc49001714fb6975464eaaecbb72158bd621906a2baf5310cf
364	40153300	00364-40153300-abstract.txt	0c6e22c50fa768de5436f11ae74800270fab4cc8b3870b7aeedc3677f0a061f8
365	40117186	00365-40117186-abstract.txt	1d43f134a242dc8fc44df469d8e7f7464a275c47980bd364848c315dda59a524
366	40100705	00366-40100705-abstract.txt	90e05f4eb96516701c25bf0e88aceaba22c4e7da9220cb8726ad3ec84eb55967
367	40095852	00367-40095852-abstract.txt	887289d3e65e1fcdcd6de8063b4c3a94bc38b7655018b941c924104594fe440e
368	40146786	00368-40146786-abstract.txt	cb8cfe4f2ffe5a6e8b79b55538ee320deb94f456b68f907e0be68fd4c23702d6
369	40127120	00369-40127120-abstract.txt	062c995d7c4bfbcf0d76a01fc4106fe9cd32a30bd6aa725552ed1aedc9edde3d
370	40067349	00370-40067349-abstract.txt	621509b9df6a0d2c2ec4b2c21ba4de11786e6ecc8b8ba51506137130eed86174
371	40100696	00371-40100696-abstract.txt	fbf06ff43afcb5c78e7c758b840249de0007f2bc967cfbac65f00cef8849e008
372	40095801	00372-40095801-abstract.txt	a3e8e62372a564da9fca666be27b186d4e228c933e95250c5d2b39d42410cc34
373	40072907	00373-40072907-abstract.txt	0c994897f19c275dcbe86522dfa481a32d00fd62a49f73d5e9203dba156d5335
374	40063664	00374-40063664-abstract.txt	236765634852bc6a654456884a2188f44577bca5c00c5e73453aff0f4fdcd062
375	40062422	00375-40062422-abstract.txt	18d51d9ba521025f0601e996bbe24eddc09e503ec8ab717aff3584b73215c179
376	40042886	00376-40042886-abstract.txt	97f1bd3c1dfe53b346c39593698511bf396c3fb8346341e47889284e9d631524
377	40106362	00377-40106362-abstract.txt	8f198f24b3b1016ab9833332e307bc4bd4ae717514145b6c16b57a2e8c8d9b88
378	40072908	00378-40072908-abstract.txt	f9a15ea5dbb175480a0104a057f9a439338d6668fcb01d458d189bdab428a168
379	40067348	00379-40067348-abstract.txt	a1c0ebf52a7b2c5a19b4196be0369be75d36191989195e6f8cea4a3465a38489
380	40048609	00380-40048609-abstract.txt	e5deb66ed903768093e203ef754fea588d4be27070c3756b4cffe10c33aaf9c4
381	40029317	00381-40029317-abstract.txt	8008127200c187b285b478515f64cf4b07970d20dc6b9a5da071da2120ce0009
382	40029305	00382-40029305-abstract.txt	dfeeb3ee70dc2d438fd75a8f91071754c3afdb411dee3b16dbd102f94c599e81
383	40063666	00383-40063666-abstract.txt	bec878623c77338168308877031e455f87bfc4f4b289b0a0746d06e48aaaa7d4
384	40048592	00384-40048592-abstract.txt	22974107d52cfb16fd41684734d4d1bb114cf9651fc6192557ffb06547aece15
385	39928398	00385-39928398-abstract.txt	af462159b7d1227a1734b553f31518839f72532f342ca248361adeef10d4458f
386	39999162	00386-39999162-abstract.txt	c9f4d5bb07036817b65c7eda9ed4862e9a210918e94e8ed53d23bae73824e271
387	39999150	00387-39999150-abstract.txt	520b6b0d950d0e30bd73f1bb318768181816247fcfe6215f70df7272417e9b1e
388	39932766	00388-39932766-abstract.txt	a6803f9585b00bc3e479958f7a4cd48b6dc6b4b7f56b250372ef916f59b77909
389	40018865	00389-40018865-abstract.txt	3e64f8fde51e01b55f78b4b5e8f79202a0f4b679225efbc22ed06c15bfe1ecbc
390	39918856	00390-39918856-abstract.txt	530ba023036e34be32f8be898dc3c98c20d40f1e4b91f5e2e656f7ab5c6d86dd
391	39898986	00391-39898986-abstract.txt	a610557a2277373a9311c2f0860ea951b26e414297fd84d88798b60946656a6e
392	38625720	00392-38625720-abstract.txt	14731efc31b66f20debdf4434c1a07eb1dbc74a49a2c050f2260269df3eaf9f6
393	40009431	00393-40009431-abstract.txt	b0711598f90b1ac35eb5e9b5f14a4c8ff542de2647a0ce352a54c0a018a4fab9
394	39937673	00394-39937673-abstract.txt	f09129fc9fe70f1ecc729912c8fbf80812d1428c90c82445d62684cd6b0bbd10
395	39918554	00395-39918554-abstract.txt	94c284159c45a030c6d85e36f8714c4710ee27cfbb74dd4689267219a520c4ee
396	38683662	00396-38683662-abstract.txt	0a98db028426f95a72b1f993372390f9d302f1c3c544874c11a45e1be5f7f2d1
397	38652096	00397-38652096-abstract.txt	6ccb519263161c108f21cfbdca264a00db60ad2f43eb248ef643a3fb8cdf3931
398	38630118	00398-38630118-abstract.txt	7d04bf61aa702bdd901133603e3c072321dec2f930d83df8a9d6b13588f6b050
399	38563675	00399-38563675-abstract.txt	8d6f8373db264c46360b93ad5347e52a46ad7ab7ec134fcea9c669dc0067d2f2
400	38536209	00400-38536209-abstract.txt	c32d15bfbe5e98dad2c042882b6c3d0378067fb06f3ff111136080caf741262c
401	38478579	00401-38478579-abstract.txt	00aaa3764de9e0fea38bed8b7ee2972f76dc25983f385a6ff94484262da14c46
402	38536076	00402-38536076-abstract.txt	77a8100dc4b8d7481f2085afd473746cbaebcb121e2f24e37583bbbf6f58f190
403	38512754	00403-38512754-abstract.txt	ee14065496b11af9ce292aa06e667a6fcd6730fffc46711dc43b4c251fa26e13
404	38536071	00404-38536071-abstract.txt	247042026c19a2c42f5cccc4c9d87d0b04005eabac736c55e69039c30e3d9e46
405	38512751	00405-38512751-abstract.txt	edd6e3dd5fca40f89ba263c15f4db43ed36b08c6ce75dbc73a46dd78d557032f
406	38512752	00406-38512752-abstract.txt	0d4d67ff74ad72b647a89c098cfafdbb3381acf928e27903a685a0b17e200ac0
407	39887309	00407-39887309-abstract.txt	6c219420ac3561c09add3faa7fd98f97c4db2bc9bcccc0bbbdd783d9750e6fa8
408	39874073	00408-39874073-abstract.txt	a838c4a85d89d8c67db67ffa4354969f3503a9186c173ae8b6b56e9fec04e36d
409	39874075	00409-39874075-abstract.txt	4de7ab01f3883a32610045688ad13aec78224a2de48daa227e98ed8132b6f2b1
410	39792577	00410-39792577-abstract.txt	5b97fb450fa0c85519fc1fe7295dc7eae40d18bcbd3581e3f686c66ac0be955c
411	39750118	00411-39750118-abstract.txt	18c22480359564dcad99eac04dac896e859160f9e24998e92423feba70325589
412	39887043	00412-39887043-abstract.txt	fa300f4ea80a6f78cc6f1d2428d215f2c4aa6d7fb13eb8e3deb6c850948f6cc7
413	39887037	00413-39887037-abstract.txt	c51cdf3499ad3f3a21a03eff25f6f16ce8ca0191628c1cd89ac40b18595b437e
414	39874069	00414-39874069-abstract.txt	7709f8db8e149630a5adf7185e4a5447e8c73918db8aea293b47c124e778c0fc
415	39869388	00415-39869388-abstract.txt	b911780b3334f8ae7c8f4e5d8f4cc618a80fad3faa1899299e5c3cd51852ed5f
416	39836537	00416-39836537-abstract.txt	0711126692dc7ae57bb001fb899b7980a7dcd1ceded084e923899a6fa40fcb20
417	39786365	00417-39786365-abstract.txt	dc86577bc6af6d5922a5cc9c8d1ea5ed30a545bbf1339b2d5b51479d100bcfa8
418	39757992	00418-39757992-abstract.txt	308d1960c70eb496aee239a79e9b556231af4f45870e1aa8f6de62dcb209f1d3
419	39812647	00419-39812647-abstract.txt	f7503dc4a44f525ef338a2aeb52a24a68a395a4b31a579d0650007c8f7a440e5
420	39812642	00420-39812642-abstract.txt	1684cfa58d3b1979e86fde11c793772bf94dbc9596cd35b65441285019db0746
421	39786838	00421-39786838-abstract.txt	6691dd5585877d9d40707663cb2017b7b51e32f74009ef506ffe78ce02fd49e3
422	39878779	00422-39878779-abstract.txt	64d090f7c84606ae059bbb4bfe0ca063729088dc6c54b962ade0478da55099c0
423	39812644	00423-39812644-abstract.txt	fcf1c32bc15ab9ac860a9d3073dc0aad39744ab75aabb2b2d1d08da6a6de9ee6
424	39804690	00424-39804690-abstract.txt	1a99bda708da6bb7613967fd67a2e5ebfa6773b3b826395738c7076c44954a72
425	39804682	00425-39804682-abstract.txt	4a98ed14a56e32bc72b0d8ab876347aaecafd1c3dca6aa58261139b468c2c12c
426	39785681	00426-39785681-abstract.txt	3d2e4c34284f43e8f02c03c726141429a16254133ce1415b91e7935abb9cf45e
427	39773813	00427-39773813-abstract.txt	c1610ac54cfb987975524a94f0f808f7eeda84697b896048d7f67eaac0f93759
428	39750155	00428-39750155-abstract.txt	5c1220d0f019d310154beef83b0ee50c53c1c12afa9c3ebc584870a66f888cc3
429	39882967	00429-39882967-abstract.txt	603ce598eaef4de9b23d65d1a832ef64b18fc363f21974ce3e1b945e78cbd668
430	39812646	00430-39812646-abstract.txt	8e1c0810032f63d6792cccbd14fa3134a1f1cdedb01fddd36b81c4aca9ab22a1
431	39786360	00431-39786360-abstract.txt	b7e2f6a9735c1681f158baa354a234aa2e03e89e66690f385de378fc9d3c8313
432	39760644	00432-39760644-abstract.txt	de6bd9943cfbbb18953895362ab618b72b88791a3547b94f0defad88ea5b1852
433	39869507	00433-39869507-abstract.txt	e9e10bd8fab42cae1c57b5f5fab8fb94708efe5970a47b8e8ce42fad0b85099d
434	39773772	00434-39773772-abstract.txt	c38c42dacb686bd3553d1908cd44ef610c55fef47797b60b9787b4125ceb1d21
435	39630504	00435-39630504-abstract.txt	f735a72adf3b025a3fd67ef689f6c35a1667cdd89b00551c11e9fcf15c0ea681
436	39625746	00436-39625746-abstract.txt	de738ca956b6c757ed8b061568fd753a01feb751a2fab804975581df4fa473cf
437	39699946	00437-39699946-abstract.txt	d094a03c6fd1b5d96c96369f05048ee79bd0c5611dc6eb07a5d29c1ebd7bbc55
438	39699938	00438-39699938-abstract.txt	6600404e19cb0f838bf660d246b8875e3a042727cdf6e142d5b42a3b2b52bbb5
439	39635772	00439-39635772-abstract.txt	52dd849e6b9ce30babaebe697cca4842145314fec7c4633cd6c3fd4788217e31
440	39693243	00440-39693243-abstract.txt	90116ceb248d359cc78dd827bce9ba11587053a130cd4d2a0b0ca749f5f3c03a
441	39693134	00441-39693134-abstract.txt	f82189491a7dcef813901837b50fe195331e0158bd0d28135b756de7170329c9
442	39691993	00442-39691993-abstract.txt	25a1d5519ce58e23ac701f10be2daa4b131e6322234b47b5fe90aeda091c8dd6
443	39661431	00443-39661431-abstract.txt	719181ec7e5820fa7e53ad76988a603e7b1a3716a7bdbabfd2d137cca09032b6
444	39652466	00444-39652466-abstract.txt	433bfc7adbcbc24eb0a9371f5dff0f9fdef6d261b6816e3f34503a87be96204f
445	39630494	00445-39630494-abstract.txt	f8c47f79fbf0d9ea68589951752e3cd7b6cbd37b531d3a7a8ada85de295457a2
446	39621539	00446-39621539-abstract.txt	5bee6407e4551883345dbca8c49e522167c47c28b59e12dbcbb383116d417799
447	39560659	00447-39560659-abstract.txt	70ddf58532452f69e5eef57f71eb3968d026622c7b9e35ea29f61f260233c3d4
448	39570654	00448-39570654-abstract.txt	056f1bfd41a471c400d15be5b2d6b9a67284a9517945797153c5d48bf1dd7b77
449	39556494	00449-39556494-abstract.txt	9b73c6aa1f982e8c6a2fff4743b0a85f2072638fdd70ba950c9c370d955a9697
450	39607848	00450-39607848-abstract.txt	2579c9252d5d951c36e301047c5adc9c72b17827a5fa22be5902d21e90020bdb
451	39589782	00451-39589782-abstract.txt	dfb314a862ff5c119e697d8da65aae4b6928d0d781b84b8a1dea1ef3459484a9
452	39531284	00452-39531284-abstract.txt	9ffffb8f1da97d9a9e6671f167dd7a078445fc30017acdac9faf4a6700893adb
453	39514405	00453-39514405-abstract.txt	737c7ff4847b912d4ae4ffc268df0143c2f27ad917e3a9bbf6715c867a3e1139
454	39570660	00454-39570660-abstract.txt	3b082ca26993ecc53711667c4582ca5937c4666fe7b449571bc3d9832ba48e95
455	39514412	00455-39514412-abstract.txt	c81a75c0827d9488d667f8e997674efeec55df326c98975c0c38730dfd033bbf
456	39607845	00456-39607845-abstract.txt	23f82ac2dc939ecc61ae62a84a59b85beda2ec8bfc9ec7e802db2e8e8f79e8f9
457	39541146	00457-39541146-abstract.txt	da753424abe61d84e6b8e77c1605596b46ded0f5ede01263a75d76ec0f1f2e85
458	39535866	00458-39535866-abstract.txt	594a63602ea50864810841a416c09a33a3f22c8503b23158df2a0a324d74aec2
459	39527473	00459-39527473-abstract.txt	487df1b97967e52ec29cf03238ebc1b9bd623ddfcd69a3bd534722afc0acbcea
460	39589767	00460-39589767-abstract.txt	d13d1b461440b69539013b95a15bf8c79b45c8154e91b6f9ff99c144f0e299c2
461	39466691	00461-39466691-abstract.txt	91e87e011c8b44bb25ee2ea01f3ef5bc4c28a56f9a5b1d9a0dadc9ab61f5f3c2
462	39423152	00462-39423152-abstract.txt	0fd058ac4962d8059a96070126faeb4005c088789c79ae3ae52c1115acf5ec1a
463	39418191	00463-39418191-abstract.txt	a1bc44ce87499916e25898d9c1a97bf5dc00ce3a195f25bc4f28e80affd78ee2
464	39361517	00464-39361517-abstract.txt	8c5df5abdb8978908356790c7881850d76d9e595718389c0b4023244b974971a
465	39466839	00465-39466839-abstract.txt	7b7bd24f2999cc4aefaf876321e9db2825dc8e79844ffec97535d24b612b6500
466	39412524	00466-39412524-abstract.txt	c1e29383ef55ed68fce13a5e6eadd552ff733944386fe803d583dd06963d4b8d
467	39401059	00467-39401059-abstract.txt	a9b0559cf5b89ca83fc1adddb37ce9a6452d193b83b9b36f326ebda5e174ea0b
468	39365649	00468-39365649-abstract.txt	4520ab81be306526ce08cff30b75b533a21c92c8fa5532a2dabe5ea85dccaf52
469	39412521	00469-39412521-abstract.txt	b0dc3d41bef52519c0f5ad17342da7a1e794011af64a2aeda589482c3d639a76
470	39475779	00470-39475779-abstract.txt	d927e8be82f3e6f96393d5b5336ef108910ee7eb1edf1bc57f45e76fe5f52f84
471	39471071	00471-39471071-abstract.txt	1fd37693cdc170316ee43e25dde1c5d9847b103cb029692931aad543e3a378d2
472	39441203	00472-39441203-abstract.txt	08945a4a58e798146c5eda63f59bb27c8d8baafb335cac5ec1ec51b3bee89c4c
473	39436681	00473-39436681-abstract.txt	e7346095ebe8c55208913cd9161b1a5036fb8ff1cc4966b06919c58bfa79e291
474	39365647	00474-39365647-abstract.txt	5f4494962830ef9a44dda934a02d20b7ae030f815c7ae9cdc613c339f53b57e1
475	39475715	00475-39475715-abstract.txt	82f6f1a87f4ababbf5ed62efd03d3107ace8cbce33e280e88553c6d743e9d219
476	39471073	00476-39471073-abstract.txt	a8ec3eb577cf1db9a72496ee13d2c773eacd32bdda159268ed468a6df58b7162
477	39453699	00477-39453699-abstract.txt	fe9162b13b8f240b5344b17af76a66b720723b8330bb2344fa79492167f007a8
478	39352401	00478-39352401-abstract.txt	54525de27fdf00f2db4bf725c9d15ae8d88dcc5424e93e13d466710bd9008eef
479	37787404	00479-37787404-abstract.txt	8bcabe47648738f2db2ed7f12a00b82f35916452344ed2107f71331246dab0ac
480	39312393	00480-39312393-abstract.txt	2b7e9585612bcde88663c4b36efb43637262fec0722c496026628705c870ff3c
481	39235837	00481-39235837-abstract.txt	c7aff6b12f1af567358928b6e997cd3c8b4add7c3461cc8418f4f61a99571222
482	39255010	00482-39255010-abstract.txt	9f2e5602a966f058ec6b4820a7921133f1c9b527aa62d0a169e6a530262a7dd2
483	39240062	00483-39240062-abstract.txt	edfe98b8c984ed085e6b805891f55a3824a13191d336bf5586ba02cfde1c9122
484	39348174	00484-39348174-abstract.txt	0829cfcc0229f5601904cae8329d63d0913392aefc34dee8ca6252ad9fc2b00b
485	39325661	00485-39325661-abstract.txt	2c1126369fc19c720edc3555cb12c96f9921fd62a2cee1c8b0aa0e2cb9f2cc51
486	39269446	00486-39269446-abstract.txt	213390d1b3875c003adbe0f90b5ea57f0a62bc1ddb95ab7e04f09c6ff0065fb2
487	39230938	00487-39230938-abstract.txt	6d9f81850719977451bcc84a16889f26055e7dafbfeca8ae1e402c1d48bee183
488	39255008	00488-39255008-abstract.txt	e2a178340131226d3bcb001fe23a126a0c7c210a56147b8698cfae3ca303b23a
489	39235842	00489-39235842-abstract.txt	3d5aac3643a4626adccad88bd797e8a46a6e53b6bc785859309c4bf2be6151a6
490	39207230	00490-39207230-abstract.txt	53fab4e72669e1234fcb4e6dc540af0982d65ea151325ab2ebdd819ee50dfe4d
491	39140715	00491-39140715-abstract.txt	5d87da89104e218e14644ab965ef6daea133f37ecafcee33be3a76277417d567
492	39207228	00492-39207228-abstract.txt	fb51956d06c7e0e3b6c78ce61a22c0ab10ee7a02017ce998095a6717b690548f
493	39136676	00493-39136676-abstract.txt	4dce9a70caa57fe588c25b02f65ebc3527231a409d24fbc132eadd75f14d25c8
494	39212636	00494-39212636-abstract.txt	35f111f15694257e0dd93304019cea86ca7192ba24ca871a2bd09081d7e0072c
495	39133214	00495-39133214-abstract.txt	d502e626d41f44d80214030d6b0e5a4d6f8d1d5e367a9440d9fbbcbde873ef81
496	39120518	00496-39120518-abstract.txt	97426715d719edc6db2226bc63af90640c19aac496dd59290d73d6e7eda5b45d
497	39207221	00497-39207221-abstract.txt	ffec76f01be3a70fbca3e593b055a4da0a9b2c5a1de88b686b3aedcb0f99b179
498	39196633	00498-39196633-abstract.txt	1f3fc3218dba4da3f8aa7fc2ba02f82919be089b323a9e2d1a3309e3b262ca7d
499	39166976	00499-39166976-abstract.txt	7961b94c66fd0c5810bce489c13570a828d7ae8311f80794aa8475f356514385
500	38963416	00500-38963416-abstract.txt	9592fcf1de73d61659ea27f1411395a7cbd967cb6793565408104dcabd78a1f5
501	38958649	00501-38958649-abstract.txt	4ebe2d6c5bc8e16d60502d65a05fae061b1c36fd1fe50ae504f4fe4eea59e9d4
502	39017669	00502-39017669-abstract.txt	7ebfaebb249d2fefa9bf5a700ef183455e52ac36d5afc507fb77788597baf562
503	38995188	00503-38995188-abstract.txt	0e66e93c4c2612cf728ffe07b825340d9ffdac8edccf1ffa0ad2a530d1ea5c84
504	39046891	00504-39046891-abstract.txt	f9b37137d7aef04e40648364c538cf511253bb3688c61088cc63d21a30bd4268
505	39037442	00505-39037442-abstract.txt	a8772f93ba6900bc630f9d9f937cfe90eec9d354bf9da7da18084835e093d1aa
506	39037435	00506-39037435-abstract.txt	aa5d7b83e2cfb0357d941abb512303f5ec7dbc193d0356a8d30c67d702c6ed93
507	39016544	00507-39016544-abstract.txt	779c3d2da6831d6a212840981b67907032a360ce772450ec63cc7952ebf13252
508	38995183	00508-38995183-abstract.txt	e95d113b07413db8df37a1d75809c10c45eec79175234a9202c1f45448ac203b
509	39073408	00509-39073408-abstract.txt	ef452c0bfa86231992ec52048764c318e2ed78472564bf66e0af2c2225c6a0f3
510	39042107	00510-39042107-abstract.txt	47c6fa8cb007b381e44dc2a2de1a7f6d303523b9b8671aafc460a11bd13fd1bb
511	38953888	00511-38953888-abstract.txt	9391460f4248fd139086f7135a7cc24590bf1dfef737a6fbd1a88d52d47fea7b
512	39052323	00512-39052323-abstract.txt	cf056887f36d585c627a0acf00b6aa4e63f16595a6eb21df4bef6041e750aa74
513	39041928	00513-39041928-abstract.txt	e764d4b493d8ac0853b8ab081305f537d6c59f6b8e7b2fc5af61de53aece49a9
514	39023139	00514-39023139-abstract.txt	0293022f288b84eb7b64a10f570a3918aa2d6abb1b9e31b3239217071d575405
515	39008344	00515-39008344-abstract.txt	ac002940f7819bdb781cbe747595c9af8563cc9c684b08a13b9c8ebdc9023b69
516	38995174	00516-38995174-abstract.txt	47cb64250683422039cdc125d81b9a3d3cdf39bf7f936b257de076a5341c96c0
517	38958657	00517-38958657-abstract.txt	4412a940e2e7dfe3ae53ef9ad3baf3df7ad712abab9b77a9358cc50bd82ab107
518	39073850	00518-39073850-abstract.txt	e23a4d8a9ae7fe6ff1d44606bf017a175231acffc33795dc989ff965ba4a6798
519	39073406	00519-39073406-abstract.txt	93d8e978d91216be4c4969be0536efcf2162e143408573d2fda9039352eb7431
520	39008351	00520-39008351-abstract.txt	d134874a30490bae2695fa9dac0ab84d0e56c6e6061e58da73c4619d1888357b
521	38940814	00521-38940814-abstract.txt	657b48b9a9ce5554f031598fd9168065287c94f1ba66afb61b014802107828b5
522	38922322	00522-38922322-abstract.txt	3b9f28e34d1c753bdcadf019e07fc847dd35442777d04419d5415ab6cf3705e4
523	38904664	00523-38904664-abstract.txt	e04ab948f77c1df6966ef93eb023aa19842e25ba987821b8181e43b9097e1b2d
524	38913036	00524-38913036-abstract.txt	4c15a1b9f3c3e786f0034d1b7c9fd0b30860db643f022b2b7ff8cfb657f1c97a
525	38904989	00525-38904989-abstract.txt	7691a0cd6bd1057c260fd2cbf44957ec8ba0dfdeb6fea45d03fb3a3b5d0fe56f
526	38900566	00526-38900566-abstract.txt	b1d6391b32607de708fad10295a38ce551c405e0c0a047a9716d61f192bf618d
527	38896454	00527-38896454-abstract.txt	e23602477c2fc2f7a2fedf43945ed6503175d9550e87aa36e1f143d79d9452c8
528	38832855	00528-38832855-abstract.txt	c901681cdf68112a7b7e238de4cc86aa85cc93b1058940bee917be08e64b119e
529	38922323	00529-38922323-abstract.txt	e26504af53bc5af6a4fb82430cd588f3c03b471fc7b3fbbd2edfdb70f530a877
530	38885035	00530-38885035-abstract.txt	4b5987fe6fe116e3f4a07b6036ae4076fb28f9311058308fe36521a0a98908a4
531	38865183	00531-38865183-abstract.txt	29fd22b961f44f491b9282a8973fa33cdd2f823856b061d3764cbeb7f170beb6
532	38864839	00532-38864839-abstract.txt	c575f11ed5f710919a1e70b37c2fbcfdc608e1ba9009d10857221c3490d3af2a
533	38861315	00533-38861315-abstract.txt	9c142e85a3927808716411a047cfafd47083ddf787feca6b00bc4fb77c7798b6
534	38896475	00534-38896475-abstract.txt	52a7d8151781a460570fed5fe40947c020be4109e3024b630ef1dea7778273ef
535	38885036	00535-38885036-abstract.txt	5a229d21f71164fb21c5648d31c90af281cff8f4cbd39ea552388ee3edb5ab84
536	38869492	00536-38869492-abstract.txt	2040189215e8c1f5c699cc1a9ed3ebbc2b9f89343c995d891dc365f69c079ce3
537	38869487	00537-38869487-abstract.txt	0e90780cc85af9617b6cea4a45de6c703917410a283b57812e5bac7b40c2ead0
538	38832864	00538-38832864-abstract.txt	4b8f6386e2db075baf3c6d7bcbc563f35aa566c92569c84c0cf0b565546d5527
539	38885037	00539-38885037-abstract.txt	b26347478c9364a915010e248f10b77018b656b27cc152ffcd022b665aaa789d
540	38861306	00540-38861306-abstract.txt	f529fcf65e8f204b9b883986bdbd9103594fcfd4aa1e7e87a0431ea40700cf29
541	38833293	00541-38833293-abstract.txt	1fbe9a81d3131e430271743c4b69c4e61b8226c5c0e5a6479b877558cefacf1c
542	38832859	00542-38832859-abstract.txt	6611bdb9264ee3b5976461d24cb13b0989c579cfab606de73571511b270c8fef
543	37199717	00543-37199717-abstract.txt	2aefb2e29bf89d6d456ebf5c68371e3e2b57684973171b7e8f157b8cac61fa3e
544	38805027	00544-38805027-abstract.txt	e789180c022402a2904c65fe2ffe5a512f1da41932abda4767b69e2a1ea7b315
545	38752999	00545-38752999-abstract.txt	8dff03fc550c5e378380ac5767d690508d3617d06dff4c84f3a995c8ddee2606
546	38752996	00546-38752996-abstract.txt	43d1c9c234dfa8fe5eac68f494127ce8032d76e158c4e0bb56e80bb9d71c8f75
547	38747701	00547-38747701-abstract.txt	511ec607f59775fe728c4c4b1aab39e2583fe5a553a98df95fa01e913b659ff0
548	38747693	00548-38747693-abstract.txt	afb65882d1d1817a5c6446309277c8516cac6cf729e54f04190e5491ee048df9
549	38743481	00549-38743481-abstract.txt	6bc9db52d4b5cf240911b18eb28cfe8f4d1cf71bc039bc1a347faf4cfc627e03
550	38739684	00550-38739684-abstract.txt	baa5ef28a7a22bc7b9528dc4fcb095b4ae2178146944e6bdce8d198684a93cc6
551	38728177	00551-38728177-abstract.txt	db28de6002463f54ed4d0e15d48956a8d6ab1ce8427682a62f84f928ca2d4bb9
552	38728074	00552-38728074-abstract.txt	87c4755646b356fd40bc3cebe6221af56b1d8935e739e37393643cefd1d8100b
553	38722758	00553-38722758-abstract.txt	4af6bceb02f43224d78fcd9c5ba507a494654cd052facab9acc72e0fe561ba39
554	38713196	00554-38713196-abstract.txt	bd5abbd8d0c68ba26caf4ec65ccd9af67e3bed0aa267f1ae81cd02dafd025501
555	38700930	00555-38700930-abstract.txt	443c6beb1871950dd5b2fa292536a350a3ecc59a5a5273535470ace60785e4c8
556	38695863	00556-38695863-abstract.txt	25d6199871f1af3563ce60e13667256a898b787e6540252bc0006778f4635fac
557	38695275	00557-38695275-abstract.txt	5ae25538e717478c645ff60cfa706fd7dd5e72e76f838fc4e8120babd15e13cc
558	38767617	00558-38767617-abstract.txt	cb60985ef6cf92df5d9853f06ea8f5e889af0b7d6d47a39fc71c87954e7cb08e
559	38728064	00559-38728064-abstract.txt	8af66f103a9f4c6176808accf133dd24a58aa90064b8caa21b95efcd3047c015
560	38805031	00560-38805031-abstract.txt	a31ebdeb096d5fd2b195758efb49fc9ef973ebb7dc45de5c54fa841ded80cb80
561	38780584	00561-38780584-abstract.txt	f87b0f0e7a31d310aaeb96487390f6734683577a13d402dd369d27f5a81be963
562	38752993	00562-38752993-abstract.txt	bcd208a8c6e5b1d4c8d91b41f644bdda7c96a52dd773869fa3a4eebc96e51aef
563	38717929	00563-38717929-abstract.txt	0e31e54aaccb27a438b4fc135ac7a1676b87f6bc0bf0d856b7b7c73a7c8f10fc
564	38695865	00564-38695865-abstract.txt	a369c463e26da32d917fafc71e8161bc8c3b2fb5f621d7b64b8b0f7c7eee45b0
565	38805028	00565-38805028-abstract.txt	e954152aa2840ada9de83f86df1c65b6dfa48a7a6f2dd563e49675862e935907
566	38787363	00566-38787363-abstract.txt	6608ba831e6cae31b799ad1f6759fa708c2dac26dca40d6bc3ec0808f3c91295
567	38767616	00567-38767616-abstract.txt	ddf0e4bc7cd6bafbcee92970fbc306e961d71d2bf350778d004dc0b70df74929
568	38752995	00568-38752995-abstract.txt	6756f1b1a1003d2c54e820a019c8c614bb80e82daf585de8f35854a50d7a41a5
569	38739685	00569-38739685-abstract.txt	5d77bca2ccf9a59ae1f936c8c02856d9ddb3feaedc65d6ced6a766d26a790aa6
570	38728208	00570-38728208-abstract.txt	7d4fda16282a133f3205882bd2aa1eb2341186ed00bead36623bc3e75ab54389
571	38728178	00571-38728178-abstract.txt	157d02a9ddb5a7bc195dd4863a0587255b895d264b98e133f264eda194ddcd66
572	38717925	00572-38717925-abstract.txt	81772bd4cd618c2067f50eece233fb48452ad0ff854e285b06a4fde514a1563e
573	38713186	00573-38713186-abstract.txt	4a3817c8998ffad2fdb71d2d867e04d257896a655a28dc60b459e27bd9f048c3
574	38695864	00574-38695864-abstract.txt	a69d00ac9d340bbb5f253d808e3a4702fa06126ee13a17402944cce0ebbcc31d
575	38809239	00575-38809239-abstract.txt	1d2f278136a574be2c2691511fe31663f93d5bc5a3ae0f02d49c0efd1d9246ea
576	38743475	00576-38743475-abstract.txt	eb1867515cc95787aa5b099a096acd220b2b980d0d9eb4c308157268c40042e7
577	38743058	00577-38743058-abstract.txt	57f0b58feac1e1ce2612063fc6c8edb7fa78cef70859bc1d93ac22995e4a6f8d
578	38713197	00578-38713197-abstract.txt	748e31deb56f7e5f13b30f3840a0a52a7f00b46e8af4db082325355636d164b8
579	38700924	00579-38700924-abstract.txt	817f017ebcbea355df42c805ea91f1139bb73f81c688d802d1f4bb80a62ce1e7
580	38809248	00580-38809248-abstract.txt	79d662e4f457cd2840957bdc8f7d82f1fcd37277f962248246458f6e0a9a8d09
581	38805025	00581-38805025-abstract.txt	4369f54d76f10ce65f5f442083035ffbd4a6ee34398c909220fdf3e619ffa3ce
582	38787370	00582-38787370-abstract.txt	b5761fe081747b2efd866f59c598ab52bf2b2eabdceecc4ac061ec64169bb4dc
583	38739681	00583-38739681-abstract.txt	526ecb39d2813222ae9f9ecb4b19e39f1f9642d8ec5b5df4f0aa615a2557f08f
584	38728210	00584-38728210-abstract.txt	3e7d6640062f4e6662e5a4c637ff9db32329b2bec450db6fdb6ae68950ffe4a4
585	38722773	00585-38722773-abstract.txt	eb417303210c88423978fea5a571545ae53c3863440cbd34126c2de8e36016a4
586	38713185	00586-38713185-abstract.txt	729578e118f22bdcdc0b5e2a3ddcdf3f33c0c53f676f75c0f2b068c88b9a4ab4
587	38683659	00587-38683659-abstract.txt	ae834aa7affc11132989df0e14f0595031f489955a4a5cdb30bc85032c8c38a6
588	38668631	00588-38668631-abstract.txt	7b498e26ea1da2ca6a10ffff16bc8d65c222cfb3428ce75f3bbbcec7b21a0e4d
589	38661726	00589-38661726-abstract.txt	1459ac5ade1fcc8aec4047e1827f0babec8ae48f4e5dcc99e317c0fcd2fd2f06
590	38629946	00590-38629946-abstract.txt	12ea0e63382193749547ac05fc30b228c5e01bccc378ad8cd9f533ddc6bb77a6
591	38568201	00591-38568201-abstract.txt	43241ec379ae562ff50b5c08244c0762ff2149420762c140eaab0bc3b8ab1f8e
592	38652005	00592-38652005-abstract.txt	acd1b59bbff0e3370d7ede8f0a5410eefe4263420ed540e9758765f3d7b8fc76
593	38634749	00593-38634749-abstract.txt	ef2b8165873b2b7ab828065a5c2a3f874508b96799c2b5098f9ed8cd653caf77
594	38625732	00594-38625732-abstract.txt	387e6354426a41b25612c848ad59ad417fe3382cede42203899b1eb6ac555997
595	38602466	00595-38602466-abstract.txt	690c64100be92e49175a8d31f4513391c516082a80a1e5c82f8f1750b5704f55
596	38602172	00596-38602172-abstract.txt	bd0977aea42894155feaa478681fdc81dba6691524d0d809b4236c258f60f9d3
597	38656473	00597-38656473-abstract.txt	d285422c4ffcc48351c9af5dff0d8bfd64c9c3190cd01767ef2e8130725dcc99
598	38634834	00598-38634834-abstract.txt	0ead872c3d29cf216ce8c32a7919b4c5e6f8fa724ca3e3149a2aa8f1203500b1
599	38619977	00599-38619977-abstract.txt	1c7e4a595e2187a1491983a986eb3e36ed84fbf3558b61fe6161d21a8e383541
600	38602173	00600-38602173-abstract.txt	9766fc067670cfc17f4067d03e072768c3d80e71dd4ac476b24d5d250f5dcb98
601	38591773	00601-38591773-abstract.txt	fb4019338363299656e2b4441b2bfdae7751ab0b19d9e0d077bbb66714594ec4
602	38639759	00602-38639759-abstract.txt	725c68f40f2e27c09397c57d5ddac322d14a7998aa41492c3866656968fe7b57
603	38607367	00603-38607367-abstract.txt	37d5def860b20d90c0b0b68ee83a36d77b714937b31a71b32812968f39e0e262
604	38591772	00604-38591772-abstract.txt	81950b2826d346e21706620d207e7491426774066ea58590f63e7041195bf916
605	38573743	00605-38573743-abstract.txt	1cea32c8ee0b62d92c102942c1c7fc230d338ee48ff70f6933387d0e31c53f55
606	38568073	00606-38568073-abstract.txt	6d72ab8cea8aabb322bd1804712924795541cb0aab5a58646dcbd688a49fa77f
607	38687183	00607-38687183-abstract.txt	6386fd10cae99f7fa88a74d41517af2f08a2523ff174448411ca86f424cb5152
608	38634861	00608-38634861-abstract.txt	94b067e94ba3c0b219b7d4c5a2bc4a541baff63c7c2b1cb8f9a314b160866396
609	38619980	00609-38619980-abstract.txt	a562744f01ed19e9bb981439edd222c19f9b3b37c21482cfcfc68ae85b74387f
610	38587505	00610-38587505-abstract.txt	9e6d9ba266fe139bca778204b3baaacb875f33b68f77dd0260d70696abef43d4
611	38573102	00611-38573102-abstract.txt	eb2729eee648680c9b14f2b0bf10893be660d7173f4998eab6d2b109dc40ae3a
612	38573076	00612-38573076-abstract.txt	823a3fcbb0944b66d29950be2642fd0989ccd3c9ca1798dca816f11769468fa8
613	38568198	00613-38568198-abstract.txt	21cababe3d41d1bee8b4601e205dd7bc5bef2db838abf1dffa234021b5f3f6c3
614	38568050	00614-38568050-abstract.txt	a46e4e8bafdc0e7de55cf75c355099baca57cc8559a544ae64fd6e933aba69b9
615	38668744	00615-38668744-abstract.txt	70761bd26d9a1a53d221ce15e9e7260363078ecb8b38cababca06ac4dc32f865
616	38639738	00616-38639738-abstract.txt	5c6a37bde9255281a56df2a8a544bf89b77c6091dd3fba707f403737f5bd2edd
617	38629951	00617-38629951-abstract.txt	c5d7aba97f396782b4fc4dba1bbbc896f2f7ba69517ef68f40965ea214e0666f
618	38619981	00618-38619981-abstract.txt	2eb8004ece4e8e62bc1d26adc91bea5e482edd964ab2541a1a71c9ebfd655121
619	38607368	00619-38607368-abstract.txt	6fe0bb1b21492a2a44b918329af7697ef22773f15fee209f7396a051056af56c
620	38591775	00620-38591775-abstract.txt	45bc900de2c0f4fb369dbb28d698ab06e3a799a864ff81d3b1bd66f5ccb39eea
621	38568082	00621-38568082-abstract.txt	5f6e0b28079a8a2d2f52d69841419b70e9c45fae21e9d45f1ac8dc9602c84d4a
622	38568051	00622-38568051-abstract.txt	4506cfe8a21d70199b4244a5504b60f237fe28496203d6ca52b2ec28f30902e2
623	38530339	00623-38530339-abstract.txt	1a4d8d82895ca13df5e491fc6f1a59528120f28804afc788ebb4fe73740a1a22
624	38526416	00624-38526416-abstract.txt	33f9b76d81d02983ec7a807fadeafa8a2518ffa5a71deec75958e5adaa5a7b36
625	38536087	00625-38536087-abstract.txt	18593b0fbd71395f7bcaaa2767aa24b852ff0ef92230ba9e2919f8360cc7044f
626	38530752	00626-38530752-abstract.txt	f1846824e82f694f06ceaee7e7562b02d51d81e7a9b2c2699d54f4bb285e3578
627	38546450	00627-38546450-abstract.txt	bcc950bb2739ef19c018c35ec01227fdb2845065509fdf935e4f40d92893c678
628	38427401	00628-38427401-abstract.txt	50fd58e78b3aa0a47625a740419230e87581e11c3ec21d516633bc8064f1f6e0
629	38441415	00629-38441415-abstract.txt	968b32c57f6fb7cb521e23c85d90307ee4594822c0b6c6729b01db8a4ea17df8
630	38530347	00630-38530347-abstract.txt	dec33191d5e5484630bfabefb8ea55ee32c1ccfb0566c072b05b2eacb4cdc2ff
631	38546460	00631-38546460-abstract.txt	87b4ddbed9720bb86a5c37b2303b92ec0311fc7ca17bbe3073ba7b41b4f80d6a
632	38546457	00632-38546457-abstract.txt	b9060fd4b93f595418ce84b5da4fdee94b93300c3b9d441c99e66b0480fcf82e
633	38446021	00633-38446021-abstract.txt	c5bf06ff91b746680cd7d5b5f21b9e6c1e88449f77b1a32c856ad795d0aec8d6
634	38407242	00634-38407242-abstract.txt	85b060e7284733827387da5cfa2caf11054336da4e14626d27fdc3fcb119d5d2
635	38407127	00635-38407127-abstract.txt	6da9b2ea165c9c36df34b214e1ce3363e6d4e3e320cce61ef77dd57d048ca2b5
636	38345846	00636-38345846-abstract.txt	1252fc60d0e9b320bbb88b24410c1114124cde69c1608b7ef6cfe12b7eb1c582
637	38420971	00637-38420971-abstract.txt	ed3f5e39fb0b284e2a6abcf73f412de0b4bb02c52b02711b7417d4a845c27b4c
638	38415687	00638-38415687-abstract.txt	73d54405af90dae89a5b46b808c4edac681f8c09cc4fa8014bdd709f5b37dbba
639	38407194	00639-38407194-abstract.txt	c998a8e9bfc4a62e86386bbf87760b02af1cd18c98e3c42bf827f2e1e52d9e22
640	38359091	00640-38359091-abstract.txt	102fe5649eb45f7fc97410f95992030f1f5591c0c453d581172a29efb33a0ede
641	38334269	00641-38334269-abstract.txt	0fc1711de6aae2be935f6b07ead4cf6d3a5bf86b7c2d0023f99a0c84ac961d28
642	38329394	00642-38329394-abstract.txt	a1f4990d9a05df4e5f56151d7597bf12949e906eba75bf78a7129a454322e602
643	38315525	00643-38315525-abstract.txt	7ed396130660f87ad85241f417cf80045b3942cf0d486327b75554d17656bb88
644	38393318	00644-38393318-abstract.txt	9cf0af7c33b37ed05c37e398cb4588a85d8b360e45ea222f87b649164dcb1684
645	38381513	00645-38381513-abstract.txt	9e06cc493194b4362174b5b054a050652a710d96259a995605f5278532322703
646	38323900	00646-38323900-abstract.txt	3972c5fb0489f9c94b4696baa783c0b71e8242521825d0f0f0fa5d0bbfc6d8e7
647	38323635	00647-38323635-abstract.txt	421f6c38271aece24c65d76c24d42647f5f64e4d62d19af3180e93dfa297beae
648	38315520	00648-38315520-abstract.txt	e5363a144c8ad3586c56be145652ebf21600d9915c895eacb2dd030fd93128a9
649	38421005	00649-38421005-abstract.txt	26eb394088aa59c23fdbe9780214269c5b4d7ff505f1a256ba2dafc73618474c
650	38415779	00650-38415779-abstract.txt	b58f523d5ae2beaa0286b0e70e5277b472742f077876e01a2405b6d09da5d899
651	38415702	00651-38415702-abstract.txt	05c004054450ab15ba5800397b98a3345a16d60ef4ac1a25020cf28c8a8679f6
652	38305710	00652-38305710-abstract.txt	abc9d669cf3dbfb730e1883b15f60fa73eba9e2fde09385e41f0c3b455e154a5
653	38415711	00653-38415711-abstract.txt	a363c164249ad277c9d08dd5b5e77d9881ff8a25f3b4411ea4d6a02c8c8d01b9
654	38359077	00654-38359077-abstract.txt	ce41769b5bafa2faf7000e5aa78abe7c990a188c69a71c35d6c0bb31c73b7f61
655	38305772	00655-38305772-abstract.txt	18013e8dfd51f2bdb0c1456edf6cc3ce6735f39ccb885fcf16c2ee86d4855595
656	38305712	00656-38305712-abstract.txt	99cdcf7805fe8874aae973abb20019dc470c92d8a2f19e4f701e18a7fe04def1
657	38359084	00657-38359084-abstract.txt	b7642287e9cbab25cd6b13014918001ce04da3ab8482b31195c3bc7112c73ebc
658	36748470	00658-36748470-abstract.txt	48aaab08fa080f578df2f4b7262875829fc55943b97b363dc6678ad653773f1f
659	38289227	00659-38289227-abstract.txt	22adbf82b37ed64bd835e9ab25291623ac82db61e49af0b08fe21f91df4f3450
660	38197785	00660-38197785-abstract.txt	29d926d50df2c8393454789f286a369426bff083f440b32d274c39df3e884cad
661	38197779	00661-38197779-abstract.txt	dfc9c62501750f56b36384971e674f85112ddc35cbf53789827d73838480f303
662	38194256	00662-38194256-abstract.txt	e0480e00c637cca2eb7f66c8d8cc49e8560e99b4de844b3902e254a1e69c34c3
663	38190243	00663-38190243-abstract.txt	e320de9b6aea916f2a6c6022eb85ca61a28caa15ea542998bde266e30962991f
664	38180325	00664-38180325-abstract.txt	62116120221d0cfbe890d6d5c8297a242ea2185604398ebf148d1f6f9fd1f333
665	38240740	00665-38240740-abstract.txt	af67650267aff6b1a087246043c46e076ec5ada4e31a9a5bf442b9c50a8c5ff3
666	38197783	00666-38197783-abstract.txt	546ba21810829c0ad237007d7e9ca979893fb71aa54a52bd6f9fe4be7cb69cf9
667	38190334	00667-38190334-abstract.txt	3e30dc37126762de86f1c6fe3615519eec18047fc4f0f4ab2e1437296c7e7cc5
668	38189368	00668-38189368-abstract.txt	72ed262a61340a8b0456f171596dc127255803c9a7ff1a9a00dbb8235a191fdf
669	38265421	00669-38265421-abstract.txt	9a607bf6f5db7fc81f28ef107eaee9e4f8cbfd6a30b532ba7c666941323d9b58
670	38214698	00670-38214698-abstract.txt	c0e3d752ed538875a61d969f5d116b44ba8b4ffca3d3ceea9fff5d942c549bdd
671	38214280	00671-38214280-abstract.txt	909d4cee7fec9d57cb0abfb09ee6481ef62c7fdc86e61385f193502d28f02c07
672	38190227	00672-38190227-abstract.txt	7b3ca23708f6c03cef04c745e3bdf546d4fb8a4e5348648255c468d665eda191
673	38189362	00673-38189362-abstract.txt	344aa19993d0cf01ccb9e994b5f57751b5f49f0e72034164b997ce6bde2ca8fd
674	38180323	00674-38180323-abstract.txt	825e628e9ef4d130a4f2da1983c9198d469559ebe1260ffb0a2283e5cc974394
675	38180019	00675-38180019-abstract.txt	0c8f00ac21fa89c0b60ef6c3451d6787e4c5f7f7d809e6c94cbadcc74230cb9a
676	38180000	00676-38180000-abstract.txt	54cdc851bcdf75d6396de640a85b55586a5787910f32babbe7eec530be0b03c2
677	38285488	00677-38285488-abstract.txt	383c2085e9d541077b05f3dd7e8c041ad81087b23e77d6c17c1c8fdd239f255f
678	38285485	00678-38285485-abstract.txt	5016c498be91c51ad2b674746467afd36fddb578ae3a83e3d42ced948d2061ed
679	38284408	00679-38284408-abstract.txt	3c648983719492d9ed3a617b24285fe5f423aed6864bcc75cd5b4a2b17d7f932
680	38284383	00680-38284383-abstract.txt	6bfba36417266abb6eee66b42e3e494e623c2bf75f024f9314e7e846e051e748
681	38265435	00681-38265435-abstract.txt	4606dc316b6fd4dfd4d688234f6b0457bbb3c16bbf895ceb9a0932ee756d4570
682	38226566	00682-38226566-abstract.txt	511f01ece97c6760e1b74e8417281eba565709cddac53abebff0fd278efe3487
683	38214292	00683-38214292-abstract.txt	91b2c30716acab050cd6f599591fdc2355042be555a706886c8b6b192c314808
684	38194255	00684-38194255-abstract.txt	ba774ed7c3a2d5d615b0b76cdcf957b3ce249361e34da81761364dbeff3c5ed5
685	38270510	00685-38270510-abstract.txt	16530167d8f88539f3033916bc047cc2723357054d1bce415a6892e7c491a0e9
686	38265430	00686-38265430-abstract.txt	9b16025efbc0e77ae64cf39d97b205f76948bf7a1cf103c19fa14f53b1152998
687	38259170	00687-38259170-abstract.txt	e396b46c25c8d97c63427b5df993dca1dd0bf152905646024e3ec19464be56f7
688	38240737	00688-38240737-abstract.txt	9f3180f34a37500f3ad1fd67a9f567ccb1c4800672433906b6bb055f9a1a6081
689	38240650	00689-38240650-abstract.txt	acb8a10e9c165bf2eb8ae04cae8efe9d9484e47853ea856eecb7eb849ddfa78b
690	38180333	00690-38180333-abstract.txt	c2af9a648f251f1d4839ed43d8cd6c2d424953f95e517bc236411498d1ef1e32
691	38289223	00691-38289223-abstract.txt	46290f79bbde6288faa2eec258b3075359e237c2d275a2b931fd583165593dd8
692	38240641	00692-38240641-abstract.txt	b55b710ac0f064d454789b49e35251b1dcee66b00f21c32e2fd74cb0760b6045
693	38206131	00693-38206131-abstract.txt	505699352d0f15361b4e50fdc22eb7c033c1eba5eb27d067bcd2133983ef918f
694	38190241	00694-38190241-abstract.txt	a3055ef6def1480cd01d9af13e649ca0dc5be3ab6a2068f87b7b96cc40ca4d18
695	38180316	00695-38180316-abstract.txt	95ad7e54a86639be61de66a9e524f52d3bdd3a50f8bf1c053b0cfb9e02bfa118
696	38113095	00696-38113095-abstract.txt	bd45a4f2a9761250932af383b365b6e189db8cc0af589e66c8817ac999c44aac
697	38079210	00697-38079210-abstract.txt	66251edfa1a6c47b1b41432f1539efd2f550c9b184adefded0ca54a472a179a5
698	38054484	00698-38054484-abstract.txt	b6e28d763782f3118f23ed2178103e089f7ae6e5f7a454581a322330a4abdcbc
699	38054475	00699-38054475-abstract.txt	ef5084fb2b0c9dc74081e6f8b9b67859d9b75df9941a15039f268320961e72ba
700	38038219	00700-38038219-abstract.txt	322d40f229dac0f041b9ecf496c1efb7605544c25fcb1d7badd29744f8b07ac2
701	38108591	00701-38108591-abstract.txt	1f6a67a87b65b85b70fb3e379f468b3679e6681859c8bfdc34e68e9b375cd821
702	38050805	00702-38050805-abstract.txt	389214589d71bd1e8eaea1fdca306dba373ced623332c7f3ed46892c9fcf1715
703	38063497	00703-38063497-abstract.txt	01e11caac07eb08a8fbb34ab1cf5ba2bf3d6fdc1428e3f52de5f348281c6f90b
704	38059605	00704-38059605-abstract.txt	c5c66a84e443affc4f93efcdc304cf4b4d162f802d50ee9977c77deeb58aeb1c
705	38117208	00705-38117208-abstract.txt	9fc24aa0ae4b7d34bfc823824262ed9e1946449aa84af133e926a084bc6c67bc
706	38112722	00706-38112722-abstract.txt	5203da741789e57ad0b9cb206bde71a8d9af5e7cdb28dacc8ba924319009b503
707	38098135	00707-38098135-abstract.txt	3382cb2f12a554834d0eb0aa68dc85903398601971d9790a135ac42d95f731e2
708	38097527	00708-38097527-abstract.txt	bc967cd6465521b9ab4076ec6b931816fc1dbbbe9b16e20e8a2a9ae2f8599155
709	38059799	00709-38059799-abstract.txt	a3a47852d3530ad55c0127295726e49f9db29ee588de870edebedb1494214cf0
710	38054463	00710-38054463-abstract.txt	73ce79609ec13cff55cc772fed71ff770a9d604190f9b5132750bfd55aa0733b
711	38050797	00711-38050797-abstract.txt	5edc683e14dcf20c89b45eea0559f43a385f4e45955089bb9ad69b8103b45020
712	38047902	00712-38047902-abstract.txt	9c084c3881f5900cd3c55d65fb792499934a1510abacca7a0ba3137cd141d688
713	38112288	00713-38112288-abstract.txt	b9713ae74231be8c0389f6c27c456d808f9bb55df61af93cf485efeac565bb52
714	38084669	00714-38084669-abstract.txt	53eca9e368f8631690223845e07fdb3ec173c89665bb09577712bfce75f15733
715	38117210	00715-38117210-abstract.txt	668e12c2c585637f59e17ac94e34e98a6ae32903eb878c372246b349418af271
716	38108817	00716-38108817-abstract.txt	5cb5e32813e7509a94c57eb16809940033e5e2bde4e80300dd5207ee791c7261
717	38015206	00717-38015206-abstract.txt	c4c5cab723cced3de11a16dac0fee801a6db437fc7da3f1d8b4d9ab8f050344c
718	38015056	00718-38015056-abstract.txt	fc477ee0bb7ed6cead6a24fb21a25f0e27d2717edbf7c901eeaf95012e175e32
719	38015044	00719-38015044-abstract.txt	f39c435982e53e234acd2cfd82070a6b775513083db330c3dcebd3875f5a13ba
720	37999940	00720-37999940-abstract.txt	26c164263a71c2df6197be87132b20b9a125652665b55c827af3e4415cbdec21
721	37982371	00721-37982371-abstract.txt	e3eea39feda2c931ad78459e2213416da9b551fe6f09b0af118769e758184440
722	37966456	00722-37966456-abstract.txt	bea0173e0c991a7830732a8a9bb365df8b6e806759347337751e22dd7276a311
723	37943169	00723-37943169-abstract.txt	b2923e1d3420f1661c697f2b42d004ef430e058ccf18434a93bfbc924a1dea36
724	37930355	00724-37930355-abstract.txt	61814d286f1dbc5b069bfa042a4b6f4eb2b23646c98c1694e9857182f97eaa4a
725	37917542	00725-37917542-abstract.txt	ed4193bd2260a560fb6b6e1064f68da45d8ae40d95e24883fb99eab437f58e8b
726	37917152	00726-37917152-abstract.txt	271e51594461fbd7886d329cf72c48e30c9cdf5a80cf63c6989c99deb2a0144b
727	38015052	00727-38015052-abstract.txt	6b31251e7c38b0d61728c57a5c89416e6b8c0bbcaa89324d4a92b0ecf2ad3f9c
728	38009904	00728-38009904-abstract.txt	50071557d729dae781d83f9b2e86cef24ce43b99535c59256f9e4dafd5074e07
729	37994907	00729-37994907-abstract.txt	09b54061afd51a19243ddfef40154e01094811620217bb09726ecf8582e5326f
730	37991229	00730-37991229-abstract.txt	a84b4e23c3de0aa51aa9150d9fa4ac14a6c6afd1ae8f0ed55c6d1bafe3132572
731	37990990	00731-37990990-abstract.txt	c8e7e4f006ea890a1ad0a7f442aa2a8baccc9af6017a864f80e9e09cb44aec44
732	37990978	00732-37990978-abstract.txt	ebb1799ebafd8ead6b0ff888748556aa2b3a1b2a919c5b94943904bd9be3d99f
733	37982333	00733-37982333-abstract.txt	f2834f470a9bbd6a4668fa8cc3189fd3b92073654f409beeefde98e8d81ef8ae
734	37947349	00734-37947349-abstract.txt	c7134b50a98a2ce952ffc51d2b360ac718622d42b89aac079f1f401ec9fda96c
735	37938092	00735-37938092-abstract.txt	d2d68244f465f26932bbc76bbf86b2001f15ec30f5ac2d7f660c93cf4c9a3e36
736	37930120	00736-37930120-abstract.txt	f35dcef3e97eb08626494bb265fba8b8eaa33c1a63d9fa9045c669933f4ae79a
737	37921840	00737-37921840-abstract.txt	258f3985f58da0f672b9e05dd74a275b7f1915f47d769e5e94a634c36a2d0072
738	37921642	00738-37921642-abstract.txt	60839c0316b41be281b9324425a4edcc2fd65b5b2b71d296592d503efd002a80
739	37921436	00739-37921436-abstract.txt	d233aeb76b4818519ca2c42cfb3da5127e492911b200c51b933600e772444a8b
740	37917642	00740-37917642-abstract.txt	3d9795e4ea2f35c0dc264858e658d9b0bfca157b596748c99f3f36219512870c
741	37917552	00741-37917552-abstract.txt	848647fbd2e257f1d90c66637c993933f74856a0bb55544351d9a3001c7f3f1b
742	37917540	00742-37917540-abstract.txt	d64829b0a5c40b7b2257387fad026079ed27b8bbe0b92214da063e6140bb8871
743	37917534	00743-37917534-abstract.txt	bb73dbe1dcd37f905f728de7ed77044f508c48c5b4312a061abf442a4a8c6bf4
744	37916707	00744-37916707-abstract.txt	f32c550dd83eb23151a444be88738306633baf2da99bef8589a1dec50173732d
745	37910171	00745-37910171-abstract.txt	97294f407fd53e90992796e8e617f8c884635193e1f0d8a76bb1271b5db7bae0
746	37997883	00746-37997883-abstract.txt	d11b28cee964035f4f28a107c5d656fef3544a8a7c0b2df0bcc2468e0d690bde
747	37994910	00747-37994910-abstract.txt	12f7b0962c7a6cb8ab1b183da8620d1babc8a8dcf2500ee4fb27db0bf0f95e44
748	37991223	00748-37991223-abstract.txt	f9dc0f8c1940631edbe018cc6f07604959f9fa5a2959a785dee3109c973762e6
749	37982814	00749-37982814-abstract.txt	28b81b4a088c83c1a41583f4b4160a8ef7278ce59fdf1842489242a765b56023
750	37971477	00750-37971477-abstract.txt	d11209755bf59af74280b73d6c779326d1307f9564fce9dd9fe79d5b63117cfd
751	37966467	00751-37966467-abstract.txt	086d6e674fa23da4bd3e61f1b9a3f49c1f47c0930e866fbb93c42e3bb1368af9
752	37965873	00752-37965873-abstract.txt	94f4ba3f8eb7e327d7ff15cbfffd5ce9beb96b5016f2c4a080c69090050ac2a1
753	37930354	00753-37930354-abstract.txt	0f1abc6e5c154684c5deda572b7d8b89377a4b180bc0e631a1b497be7db13f3c
754	37921454	00754-37921454-abstract.txt	cb5ab0bdb7b1ac64623830fced0bcae435c24553cf5d1892ccdda1642e939134
755	37917535	00755-37917535-abstract.txt	3769b4686766e6156c4bff203e3d672eba4b21d12b72ed391dd51ad740e36c12
756	38018813	00756-38018813-abstract.txt	6d26e228cbc91081e68f6a85aee8792b17a5bf7694bc2e63157f9272e86e7100
757	37991225	00757-37991225-abstract.txt	76a8ad5c375c92ed6e340030ca791dcad34276af3d04d9297f47ff8398988b81
758	37991000	00758-37991000-abstract.txt	6425308e0277bdb64c94cf57c00cdc99f57a91c6990aed314b9c39f669ad32ac
759	37982360	00759-37982360-abstract.txt	8cf204b6cb2c5b5d58b8427a6e2474012b7abf53d1aea2ca50ecb20160608648
760	37917543	00760-37917543-abstract.txt	14e68c12cbd7964509cec006c99f3470e2941d07a63f0f9d586b6603273102db
761	37917138	00761-37917138-abstract.txt	ed6b00af010be1ec97b0943cac44b9ec282384141ba69af3581e0c3b379125bb
762	37917135	00762-37917135-abstract.txt	ad0ce82b5366111b7e7cd994ea67d0d3435ec35fa9c49c5620c7400ad9588522
763	37917000	00763-37917000-abstract.txt	5b59bc35b18d62bb33731f2694dd957d905d3bf39f6dc678dc95542405391974
764	37942742	00764-37942742-abstract.txt	099c8d542c3584a92cb711c50188e4dbbfaee99e56274c97c44f29a75e874b9b
765	37937829	00765-37937829-abstract.txt	1125212b6b68b6674598406f09b39c506398f81454871f6ab788ec97fc736c3c
766	37917544	00766-37917544-abstract.txt	c7b288cda68c5f4c6bedf79122e14e4ca0dd6d8ed69e10e64a8ba7624a368452
767	37917134	00767-37917134-abstract.txt	60b15909e3c95c2cff610c06a77e4722ffddd3d01c077fc17964e474971f9c5b
768	37916690	00768-37916690-abstract.txt	bc0f54aed06cdf260f71f71259d4456d40c478681ea36d7c9c90ea068d852cd5
769	37916703	00769-37916703-abstract.txt	75d68ff6f1b06e6fb06562aae46ab1f4b86d7013b833b74a86f15d3f64f38ccd
770	37991220	00770-37991220-abstract.txt	d21fba793cca7de5858c642fe0644ea4afed539bb198de02f98392fade809ac6
771	37990983	00771-37990983-abstract.txt	312408e4eda43c3dbcd289805d7c1ba9fb44b84401c118402a72d2882fa63b61
772	37962187	00772-37962187-abstract.txt	741c7df8ab9177ba3393069e6088036e619bdf32e1056a4401dfa6474f69c8ca
773	37938098	00773-37938098-abstract.txt	6aabf8e670ba775bcdbf9417ee477bd71012116eb416c6c7937b4ee5c091491c
774	37921447	00774-37921447-abstract.txt	1e023d79f66c28770d35d6a60d474c13deaaf5bd77a68d4aa89cd07f3bfb5774
775	37917124	00775-37917124-abstract.txt	dc38bb02aeb6d21af323b274752fbc61760d000c577ef054c577eb7b9d371c04
776	37916708	00776-37916708-abstract.txt	ead0ed296f149529d4cf6228cde08af92768f84d2755cf8d3c316b06c1698196
777	37910170	00777-37910170-abstract.txt	1233127b64691de2bda146095eb981a120184236a8580dd71a284f2cf97d4f40
778	37909297	00778-37909297-abstract.txt	a2d31a8f711d84bce3ac5a71e697f6541e1621e54983ef835a30ceaf4f2719d6
779	37905527	00779-37905527-abstract.txt	e6a4f1703a1d9c06a31ea85f60de3a057a4f60b6f01f9a5c40c8806a41b0e3d8
780	37889564	00780-37889564-abstract.txt	1908ad476680148ced1f2150e55f11668324baf1ea6dff5833845c2313a67104
781	37889260	00781-37889260-abstract.txt	040f5f69edb0989b9a8d8266a652e1ee68093f2a105f4e9880d9dd0b770d0a4a
782	37906507	00782-37906507-abstract.txt	2e9b2b7a8c9ef074af879d6038357674e8e89f8edf90fbf02ad25f2592f36891
783	37888976	00783-37888976-abstract.txt	7309106d765369ba0477d1e4e9109f25429a20c2e45fa04bcbe1e7cdcda3a517
784	37882660	00784-37882660-abstract.txt	d1237ce137119cfc627f52302697c6aff83bee49aedde809e4b4908a979d4600
785	37877999	00785-37877999-abstract.txt	e1ff3ab789b2384290c9071e11e55d0839a8613e1a45251c1f1e1e42745cf480
786	37861397	00786-37861397-abstract.txt	35e83fa330e9d491bb4825defb5609a522d57ce16cb525579fa5777a2e105269
787	37830909	00787-37830909-abstract.txt	a4c3232cc7ac9c8152c58727b2fe370a3831f520b19eadede85cdb03e68215d3
788	37823787	00788-37823787-abstract.txt	f0d224cdb4506f31b97a5eb37dbeb7e213ebcbdb33a9c07314a82021434d2da4
789	37801075	00789-37801075-abstract.txt	28a88edb2ab115f5d766af34c79298ba2247ab309c0d15cb0a8e9eb9d2fb79ec
790	37787389	00790-37787389-abstract.txt	8d1b73e65e374400e2a22ad00322fe562062d5a5927b780f1ca32c7d61123f1e
791	37877980	00791-37877980-abstract.txt	7567a4302218d0b535793a1e4cfb441163eb9a5520962f5d29d152a2cc114ad5
792	37861399	00792-37861399-abstract.txt	f86d9be28d9bbccfbfa9dc6638aca7728c524623054c03e0a7d2b890708d1679
793	37831063	00793-37831063-abstract.txt	c58e0063b14e1b8fc8884350ab9f1099beb80625e903de4324eea0085eccf16e
794	37830792	00794-37830792-abstract.txt	170a883791cf09fa477c968234c02226deba52f69e1c36ab62a3f189c691fb56
795	37823785	00795-37823785-abstract.txt	c342b31809e4f0914867877d65db5a359f88291727885ac6e2e25d22a8eda651
796	37801073	00796-37801073-abstract.txt	0e9272bc4e570903d86c6e3a5700af13755bd09e95eec68ff535c3b991fc5281
797	37791995	00797-37791995-abstract.txt	07c06faa4f4e96ec4728d8f6d613fd19e0780b90f6e74cdd15b4849e8d0a6911
798	37906096	00798-37906096-abstract.txt	88997253d5290e2bd1bc0a97018f88b364cc0bc98826e8d25cd1576f4efee1e2
799	37889259	00799-37889259-abstract.txt	91ec7c6bdf69326164459156e98d3cd46dfb79120e46ffa5b0e9db0eb8247ee4
800	37889154	00800-37889154-abstract.txt	d3c0ed39798044b547007f47fe9e8401174868af810c3c0c4cb46115f84306a4
801	37888849	00801-37888849-abstract.txt	6af7f0270122626660ee8f58d117061aeebb52104e149f182e94324680f6bff1
802	37882323	00802-37882323-abstract.txt	d5f22fab723a1f12977eda7e56c7f80b27c14350b0d2234a02a6c367e620c3b3
803	37861396	00803-37861396-abstract.txt	0b106b01fd2d6e0a99bbf74ac2d60875dd831295b9a9a420c35cc1ad0ddec2eb
804	37861393	00804-37861393-abstract.txt	836157d799c5664b6a8ec63448e19f739288263e89f00f2b9b8427b66dc1011d
805	37824181	00805-37824181-abstract.txt	5704b85eaffea1a354bb805a6385cf3d73bbc8aad3e625fbe86e7f4747ff6ab5
806	37823792	00806-37823792-abstract.txt	119d98994dde857d00266b5187937b53ecd8d9c951646f125fd9ebfd653136d9
807	37889848	00807-37889848-abstract.txt	0bd6e415b46905ef4f1ce854b8e9098de556753e98ca6559a4394a1ac0d810c1
808	37889152	00808-37889152-abstract.txt	d7f41c84049fe450d73169ad753f5bf6fd62c1de16aab32ef504c07a14f0c7cb
809	37889134	00809-37889134-abstract.txt	2a54e72ed138c66124df63a3b746855b820f1317fd07344abfbb8416de69d65a
810	37877984	00810-37877984-abstract.txt	611189935e41081903a90e0ce27be5e252b634f31e89438814c581d440d9015b
811	37791661	00811-37791661-abstract.txt	5863e582c0deb0e012d064e4079d6da7f6ca42300df2b67d97a4696f0d927ae3
812	37889849	00812-37889849-abstract.txt	258f960d9418d91a2b2837e32e6e119e6b6f6b69089774549257e7eb80e3a443
813	37889136	00813-37889136-abstract.txt	bda94e9e8326f2f95b47dd9038e23ea8d4ae1d0f69bdfac50136137d9d6c1894
814	37882776	00814-37882776-abstract.txt	67624f35b6ba3a0cff68ce0deae22bb0cfe5035fe75e3b221981662e962dfcc8
815	37882672	00815-37882672-abstract.txt	76caca2eb5198fa615fb71b157cc68c02277d7da0c387a4fd8179f76f44b3b51
816	37877986	00816-37877986-abstract.txt	c71caf6ba793b53d5a06d2c84bf71d46bc29a31829aa42cc077ca615ef0794fc
817	37847534	00817-37847534-abstract.txt	3cc237620422756f653de82cafa70955146648afd808807e29f850f8ad337c6b
818	37796242	00818-37796242-abstract.txt	cee4d2ac600bf3c64bbe9132e0a69b82f90439292f525af2cb20208775be22db
819	37791652	00819-37791652-abstract.txt	88c3d757aa20e01beee9d10a6a3c86ec1a77f232f936c0a7274bef8af03281c4
820	37787383	00820-37787383-abstract.txt	0fa389454eff46233826c58e9937e6c9d220fb2a232b5d1f67cb70947cdfb0ca
821	37755156	00821-37755156-abstract.txt	57b987d886a43c25d1c45950b8b8fe1b1c1a0375c250f1c35d6d888ca86a95b9
822	37755148	00822-37755148-abstract.txt	0a29bafcb4969d9a7540bb476c487cd6c1b5786f199d851cba82a95a7765c6ff
823	37750765	00823-37750765-abstract.txt	4e631061008abcdbc3de77a97a311e226b4e391c07d41932b48189baa20883c7
824	37737846	00824-37737846-abstract.txt	a31bebecbfb2e184a3778626aaf7c14e4f84401c94d42af9873afe99947c6c60
825	37737068	00825-37737068-abstract.txt	695ee385142c0587c3c314697a7b14d35550cd0b0b4859df85336d5373d89688
826	37773605	00826-37773605-abstract.txt	56427b6cb1ab0b17d4d49152d873c8728a72d3e778394fda814707780fd901fc
827	37755432	00827-37755432-abstract.txt	b5511240dd035d9487192793466e8a85955328b509d897989cb4e400d4fed0e5
828	37755236	00828-37755236-abstract.txt	8d0b5551865beebdba52e6a1aa7886af10bb533f1d679452301f257b2053957e
829	37755157	00829-37755157-abstract.txt	b97a3d9b2e0f79090203188036da15288d267c1198f37402664225b9d9563148
830	37737839	00830-37737839-abstract.txt	3cb88def8dc05721a947a1b666a068d817e315fcdac192358dc82adf3bc55c9e
831	37768178	00831-37768178-abstract.txt	fa304ee829598037cdf1eb67b9f10a840fb7f5c324fc1b68162c0b0850c167d7
832	37754346	00832-37754346-abstract.txt	0dc509ee037cd937ddcaa96b74feda69ce8bbb1870f8bf1754de4340741940db
833	37750780	00833-37750780-abstract.txt	2716da07d4d72bf5103122a2ee0c7567b0bfeda89f1c70b4c7b2e144df597753
834	37750753	00834-37750753-abstract.txt	f1b657f7b536e81dc19692d8d8d96d9d688a4c02ae16f7705a88a55d86c36602
835	37728966	00835-37728966-abstract.txt	2c409e0ab3f2393b2ff205dcce54fb66fbd91eed8370a7496630d9ecfad833e8
836	37725077	00836-37725077-abstract.txt	62fd00d9a5735bf397877a99c621c589fb73cdbb58db88f759a92c903b5e07f6
837	37768182	00837-37768182-abstract.txt	29448c0195c2f6cde55f886d8fb52722daadf3ed82eec5832a7824fc76d3ac10
838	37755154	00838-37755154-abstract.txt	5c0b18a50a7dd71b6658c77ee3ebb75eea6aae0f5dbd9cd4f0ba316bac5ad075
839	37750764	00839-37750764-abstract.txt	2b764345321f768fe0738db0bd806930a7701e2f07ae61da65eb6a9f0c2177cf
840	37768174	00840-37768174-abstract.txt	91df842b1ef3be9a74c6a5c40d5da3e23cbff8811a48b9d1beb7dcb56ee3451f
841	37755238	00841-37755238-abstract.txt	bba4ef9ba387b49610260fe9909d2a86690dc3220d6220f3c4103d9930f964ae
842	37750757	00842-37750757-abstract.txt	f99ae427b3c61ea64f5178f84360ccb5428d76350ad147a6d86206d1829a5984
843	37728599	00843-37728599-abstract.txt	34b58787f2c4fcf6feca6b96c695e8c21790c2e3873862fc540ece93d91e7fd0
844	37728232	00844-37728232-abstract.txt	2855d17912c5cefe6413a0c6cba86f91d94868671b0d9a131ac5d8b3cfc4ca35
845	37725086	00845-37725086-abstract.txt	99bc2f2ec2e7d682d5b981a3516424b64c5cad77ec4ba92978e13c4a9787b30a
846	37675765	00846-37675765-abstract.txt	06782fb50ade0b32d0b6de74147ab8376fcf707e69dd854d3eb253c758acb021
847	37755145	00847-37755145-abstract.txt	1af8a179ca602b4098210eb9bdf775b9cdf45ae708f10bebfea050f7333cba96
848	37750754	00848-37750754-abstract.txt	57b2738f0919110a53ffa395261639443ed26e3b55398a9e3a6eede3b2fbe40d
849	37737062	00849-37737062-abstract.txt	04182f9078cc69b1572d31a1e9839e1125690dc45894cf23b3e58546dba0d818
850	37725099	00850-37725099-abstract.txt	79b55c4508e1cf64e21045b4d98ff21e36a6152c2a490b4d0d1d61abf5572293
851	37725075	00851-37725075-abstract.txt	fd1f59b1fe22a9eb1f456abbe9331d0380a61093c778eac32ca3401e5d026a35
852	37681757	00852-37681757-abstract.txt	7afa41ffa711187a8e43e17cf8ec2e2d052c7124dbe3172e8deddb270bfc366f
853	37676705	00853-37676705-abstract.txt	a6b1829ffd5daab9170616acef302e92da042a92ba7418f160de44dced90cc19
854	37610809	00854-37610809-abstract.txt	fc5e527f01948cacec1ee1d968984fe80d0acaa59537949d3d7b4fddd2027aca
855	37610801	00855-37610801-abstract.txt	77816fc2da4265ae04ef7933c72cfb56b23bf7c6c34d3d89658789bf5ede2214
856	37609840	00856-37609840-abstract.txt	f62383a7d5c3b8235baa3b9206063e87d74d5bc1bb1d95d11857930a5522a93f
857	37589171	00857-37589171-abstract.txt	5876c24f09c366c6dc578b2482ce5bc638e2e8403b0d01ec21fd8b7ce8464109
858	37560994	00858-37560994-abstract.txt	8b348f1fd4e8f45cc5f5cac28ba969d0935c0d1a941bb31f7ecf9d74d035eb44
859	37534981	00859-37534981-abstract.txt	4980a0cd4164de6230e581fb3bc174cbd2d26df254a534a18f738b0660b9a4b3
860	37610811	00860-37610811-abstract.txt	dba7c8eeac981adc301fe4009419d69bcc3ad7abff462d664f0901376b67fa55
861	37578895	00861-37578895-abstract.txt	3e40846d6351b4fcaba1cfb7d1ece534b2c21d8fa7ee7acf8379eb0688afbe4b
862	37578835	00862-37578835-abstract.txt	d5d8ed9931603d66b592c2935deba9c4a268db7be7196dba74a187a4b5eb2e47
863	37548641	00863-37548641-abstract.txt	f70fc575ce4395b32e302cfab5be999454218417ac84d5d68e4348a2858f8fa2
864	37534982	00864-37534982-abstract.txt	bb4f1d3c4d38ddfb1598824a29191bdeb4d9b53fb0022c0e925314411e3d7950
865	37578894	00865-37578894-abstract.txt	167a363ef0b24cfb7addcd02e8c7d33934ea85990dd54217594f2309db3b8def
866	37565577	00866-37565577-abstract.txt	e02978b5a52d2ffad7f408abfaf8cfbf4094255bc7c21e6c60cc807234214b3a
867	37561014	00867-37561014-abstract.txt	67251aebeb235f62d3308543b5fe57671df42458c6cd211b04f9be78ea6a94a0
868	37535057	00868-37535057-abstract.txt	6376eb3119c76d8a8b150ed5db87f32c6b82529ee9feef17a60a097897a78586
869	37589186	00869-37589186-abstract.txt	a9c2408a21d324376b9e6c93881a61a39fb5cfd4e807a783711f36c0d7639b04
870	37540229	00870-37540229-abstract.txt	a737450cf84cd525250c69432f620447b7ba1885c4a928b14fea5747611ab776
871	37540001	00871-37540001-abstract.txt	01937bba33fc895c73abf6104e710ceaff14f86fcdc636535caa35d2d1c6b03a
872	37535055	00872-37535055-abstract.txt	9f8b26f5a6d212a36c6510bcf537c09804626d1d1240900fbd07d386576787ee
873	37610813	00873-37610813-abstract.txt	3c126d090853e0635b900f6f20bcd1462f18b4c28584d1d16e670d537fa05e00
874	37609852	00874-37609852-abstract.txt	a1268759ef51c69bfe7e8e489659065e760acb67f9c856a16f573c99e6b305b1
875	37578899	00875-37578899-abstract.txt	731dec06a51620f0c82cee4324db39dabcaf92e085d6fe151213e7a160918629
876	37578826	00876-37578826-abstract.txt	5c8eb3dc590064cb831386a908cc4bdc7d65060ed80d8a9ecd968094e13b0661
877	37540199	00877-37540199-abstract.txt	e3521721f3b6b37b30360ef7678e682cb52198930ab1c24db09511664abad2c3
878	37605998	00878-37605998-abstract.txt	24758276686b4b362ce1d7ccc282f6ba48c9890c4033a79b12215134e2a86ab8
879	37540005	00879-37540005-abstract.txt	e902e4cc41aad4f725743b680c957a1f2541f4a48817a097cf9410e052e39acb
880	37493028	00880-37493028-abstract.txt	131a299249987af94d417e1ff743ebade4b01ef298b3fcf005df613ff5865b70
881	37486345	00881-37486345-abstract.txt	6c67845b19aa6e2cc9e4fd4f6c6e52f3d5d175e49a08c255d60ccd83086e1173
882	37462270	00882-37462270-abstract.txt	4f62944601c3cc364b8f5476454fb7183f4ebbda2c31de0da089aec2449646f4
883	37417270	00883-37417270-abstract.txt	12c7418815e155315acfabb9cbd4d8205612a86afc0c7f80fe0e3b9e8233b639
884	37417235	00884-37417235-abstract.txt	c000a83498c7aa9a7776e0990e1e4270235adb1bdc9431ce591d658ccf5873a8
885	37489952	00885-37489952-abstract.txt	00700f9b08cffbf1e9192d7b120db34101098aebc98e56cc6466367344cde8d9
886	37486349	00886-37486349-abstract.txt	ddd39356108a8a8885fb7cc26fb7a16119be99829e2f3bebcebda4b52a9665a4
887	37486335	00887-37486335-abstract.txt	0f7f0cdfb455a1b0aef13b8aa4aa2c55a5a1a6c213e83580a7a958513723cd8f
888	37486324	00888-37486324-abstract.txt	b064e6844daa1bd80c8db62bca95771b9866fd80786cafd48e4eb33c00de9ffd
889	37505084	00889-37505084-abstract.txt	276f76a0096615736de461d67c69ef2eab628fef2d44dccaf982dc6d2324d1c5
890	37489568	00890-37489568-abstract.txt	2d8db1a6fa978e579770d055c2dbff0332ae5b94d1f771d7e9fcf05ab7ca7094
891	37486346	00891-37486346-abstract.txt	0f2b142a1aed1e30999968b7dfab2f0fe2c5de411a5db996a516e0895df2a61e
892	37505090	00892-37505090-abstract.txt	2830ac7be77ba8765d5e0603405f343361533368a995c31ae6d6f1adbdde64bc
893	37493627	00893-37493627-abstract.txt	56175afd7db2680d24fd3b12b7c0576086fc43049b3496e33c49cdae762b8bb6
894	37462470	00894-37462470-abstract.txt	6772c22dcb252efdc474ef33a0cf660fb934c1f26024427114902df0945effa2
895	37436803	00895-37436803-abstract.txt	89e3a1f782030d7aad0830a968f2833d46c956efee4c75a09601fc07eceaf489
896	37490404	00896-37490404-abstract.txt	ab28b37804e43545e039c4910c5bfb47ffaaa420ba81aab683875c97278d8696
897	37489575	00897-37489575-abstract.txt	15ae68beb00542455f27a9d24c3edd0e7a350df9546d05318ba33dde939a2655
898	37486340	00898-37486340-abstract.txt	be680dc394022339aa389ca7270533af030b42e2238e1b211b491d95d2005528
899	37436807	00899-37436807-abstract.txt	b370f503732db486400fd2945145c169259e3f0c98a2bdd95b9c9c43c0e0edc5
900	37417252	00900-37417252-abstract.txt	165b3a727f1383afaebb075126367ed2d2794e64650259e8f12da997d5edef13
901	37409567	00901-37409567-abstract.txt	3a3d0e760cc765ffbeda09ead70cb071f797d277ebc25526d4778aea6332fd6d
902	37505087	00902-37505087-abstract.txt	c5d5fb107e7c6ae94c5b6045eea2ca8f7808595f8401e9823ed6b70906c907b1
903	37490399	00903-37490399-abstract.txt	b587677e0ceacdac3c63e57b8454c0773026402b23d55bf29b5cbba4d7240398
904	37477965	00904-37477965-abstract.txt	60eccc17b92d70f7c69e15e23facc87fefffede0021ffae8ab3aa5fc6f483437
905	35312473	00905-35312473-abstract.txt	9a538755295a67c0f6d7837b0f280cd5a9e238853c082d28d17629ed9c2ef7ad
906	35258450	00906-35258450-abstract.txt	81ab85d80092c66041c5b3e86c3b3cd4cca819a24f86a150f015b65f62e7fcf1
907	35244531	00907-35244531-abstract.txt	291effe13c869aa3dbf24b9f35386ae8bbc458748004140597aa7dc57507cdd2
908	35312474	00908-35312474-abstract.txt	2e7349da5035f2d32f7bcae5b52b270562c71f075b065d8877ec58a8e3c0e7fa
909	35262476	00909-35262476-abstract.txt	cc21648ed1b70b174753c17d465ef9b91440ee4e12780adff9a69ad5a6223841
910	35258448	00910-35258448-abstract.txt	f17ec7b0cc30b611ad310238fc7aff9a881064d0f084607ea57b969c01ebe4e6
911	37350576	00911-37350576-abstract.txt	4e82035a865deba2bcd783e8f01169fef39a42aacad1f343efc072781b3c04dc
912	37266991	00912-37266991-abstract.txt	c1e9bba26bfba3849e2d7fa6017d4a9b0ee27428e9b3d07afb121c31924cd39b
913	37358903	00913-37358903-abstract.txt	6f9fb9b8d9cc424db34d60dffac2512cccc3743c4440718c7b4300a0da19a7e3
914	37347684	00914-37347684-abstract.txt	8c933f57b17dc04f97f964493fed7c377f21b36c8404c45270b1d17063ec30f2
915	37339072	00915-37339072-abstract.txt	d6586e37c9f341e5eaf1263ee3b1b22581e398cc9a0e752273bba09cf54905ee
916	37326606	00916-37326606-abstract.txt	2bdd37a008659e44eb8f4c36c9236ca64c7684eeb036a30929c925578dd85550
917	37326610	00917-37326610-abstract.txt	c3331432843addd8a8c4e8f4f3429175d44f24cab6ade220144a7c423c134339
918	37319005	00918-37319005-abstract.txt	9af4e16224fa29b2e0878e64155176c4caba88fc5a645154f7db2e890ce67c25
919	37288648	00919-37288648-abstract.txt	53a4f8d81aeddb09bfaa50eeda97661d147c029ca8549f0af0d0962ea2c0d4c3
920	37358383	00920-37358383-abstract.txt	c568e51852255fa1d8f317ebe1da8dc5f39c9db09befbe4ba3ac552e455ea567
921	37351943	00921-37351943-abstract.txt	99bf4a2cac59b28e79b9395b979c529a06fa8e295e10edf1cbc70eafa0e60ee2
922	37339073	00922-37339073-abstract.txt	92bc34bd65ecd1e4147455e0556703194d6a8c3af818e1c584cbdd6c4d9e3f47
923	37339061	00923-37339061-abstract.txt	c8195a6465ffd213fc764ce96397dfbef6d015c40b1b0fe3d3a4323f7829bef6
924	37326615	00924-37326615-abstract.txt	2ca1b34cb9db349a642c799c8f082b534cef20117cea40646fdc56c542b696fb
925	37358894	00925-37358894-abstract.txt	c4fb182489780c892188fbe2a9d9d1c3365c7aa5e8bc69a3d13a9225653b29b0
926	37350580	00926-37350580-abstract.txt	ddb042a1b518adcc8706d482e4a3a13a985d1427e601448840d88b173a707920
927	37384387	00927-37384387-abstract.txt	ba83a808114924f56144b08ea6146b8dbba8954fc51f8b7f6fabf42989bc6faa
928	37384381	00928-37384381-abstract.txt	7b8965432e9e8fe8b339912effdca5616754cacbd8e777242f48b1eb1fa6b372
929	37358382	00929-37358382-abstract.txt	7a032e8ea4ee772c384bca396670a955f904710f860c391cecbb9da901a9a524
930	37339070	00930-37339070-abstract.txt	fd9fdcef855e87b74867c53e3079c97dcf6c9cc6a48f24193fdc059e48061bcf
931	37347683	00931-37347683-abstract.txt	ecdda740a83a41006c845a9dad7263e93f5b8bbffbe5af3a560c4c5abc8895ee
932	37327039	00932-37327039-abstract.txt	a9ed0e1964bc11f40376d0eaee253c13419fa13962a2bee3c9d9b1c788840963
933	37319004	00933-37319004-abstract.txt	25656dce44adc920d64b9b71c7ea79b56349db21d4375dc6fd3a9185bbf7f0fe
934	37289495	00934-37289495-abstract.txt	3a1b766d9ae6cab531a59396e7366b731ae83410ec8a3cd8f39e6c491e0128cc
935	35133261	00935-35133261-abstract.txt	c4b16d874f7fb5a9b0b6f13b62491eb572ada7383e68f062a19d0d28654cc9ed
936	37256768	00936-37256768-abstract.txt	2f5784fe7a54eb9a748aea110b2ae34a2cefa5623d8ab286a16dc9db25b398e6
937	37252855	00937-37252855-abstract.txt	3240d54419927a15cedb21194bb0978a0dffc3c6a62604a35adb67128f923a9d
938	37227268	00938-37227268-abstract.txt	9df940fadb3f5ae87179e4c93d9c97ce65633d7bf32b8aa205933286c6c3e221
939	37224064	00939-37224064-abstract.txt	9435b77fe64c1afb976c57953606e08d3fec08917b2f5061f0f45f21246a8497
940	37204832	00940-37204832-abstract.txt	e600710d5c2f36a06c579efbd9bda00f4c41faf3cd65426be4b62327b3561030
941	37204219	00941-37204219-abstract.txt	bc9c4577ab8dd70c415dc0dd0d9de1ce11e21b17cca29a61fa1374db854cd7e1
942	37191986	00942-37191986-abstract.txt	1db3462a63d1f6c2344cbcdc8ba59d8c1de9c359de116f76fadf95272fce054d
943	37185089	00943-37185089-abstract.txt	78b132ef5a094d613c105c8d88c0a6f7b6967915ea48b6b9e9fa61594ae77ab0
944	37185059	00944-37185059-abstract.txt	54cececd0ba35b0347f02fe3ab3a80ac89d02a23fbe1aaa8dddb551d5ec85933
945	37171451	00945-37171451-abstract.txt	5b8ad331fa24cfba936ef36ecbf805ef9c696dcf603b96e301ae7b2a9a67b455
946	37256772	00946-37256772-abstract.txt	dd8cf835435e68a109f5a6a16210f39b4aabd8105d1d51552f27afd9e554e9df
947	37252853	00947-37252853-abstract.txt	20ea9b4bd699ab4d5143e2cdc2512d0a6298ad4e40755f928a43e50e8e70d381
948	37234034	00948-37234034-abstract.txt	cd03b57902fa80e80d01a96e5c94e3110640afbcc03881695086d8d57e36c551
949	37232488	00949-37232488-abstract.txt	a10b6f95ccb8dbc683c0a1e691bd6e76362cd3ab6667cfbec1cb398200309922
950	37224056	00950-37224056-abstract.txt	b0242929cdb1b6d25d14ae8b3875db84bf1372fdad2fc18bde8007b22452dee2
951	37204827	00951-37204827-abstract.txt	ed10870743f3d63c8deaf9e54b11f7d3fdb06bc87b31f26480a966967747330d
952	37185279	00952-37185279-abstract.txt	1bce635e0e67abfe2883abc63c28cadd42c9d090a2213ce3f7b6b923e0fb0530
953	37170873	00953-37170873-abstract.txt	e5a57dbcb5faa09e6c797b54b6350afe0a11e8874c0026964d2f155d61c1c03d
954	37141114	00954-37141114-abstract.txt	14a9ed62e9392334da2c8ad2650d3ad59f5ffccfc51f981680d3db3ca66820cc
955	37252776	00955-37252776-abstract.txt	6d1b843598de1e8b932f751556909b52714ab404066d651153cd4b56fe02cb16
956	37234030	00956-37234030-abstract.txt	5077205534a340f73448e75c44fc7eb0cde8b9bf425205cbdc570c9604b6fa5d
957	37200211	00957-37200211-abstract.txt	0f6858fa9c10363f862d5fc0ec30533ef9bdd908be06e93b8b870c9826a429c9
958	37191980	00958-37191980-abstract.txt	87e7a907eefa1160d0e5239ddc27838b86a5ebefaf0f8035d0301903f71ce6e9
959	37185274	00959-37185274-abstract.txt	7e597c54358edf603cbdc9912538be065d483b27acb29ac4b9e086ebd4848ba1
960	37185088	00960-37185088-abstract.txt	d7ddd9e29de8479021786a034cea910366a4df4b06e8e05d0fc303800f4530df
961	37145862	00961-37145862-abstract.txt	be0cc8e577c53b325856539e3b1a4c28cdf01726b9e6c8b7623d8efcdc07364e
962	37129938	00962-37129938-abstract.txt	a3ba41dd9317958be2cbe1f18d8994ba899fd2025dab4c79251c90c13566e635
963	37256775	00963-37256775-abstract.txt	286124c061884b982d938c0fd24453e179686b5c6f14595bc3f87c7865ffeb95
964	37252862	00964-37252862-abstract.txt	a6b0d5822a55612dfceef0898ef188a6fee9e60666db660afb687f1017d6087c
965	37252856	00965-37252856-abstract.txt	0c32e0d6a2f4e0ee14d9e048cf0c5fcb44d3c0ce6f6bfe83f8137dedec73c99b
966	37252850	00966-37252850-abstract.txt	5da3f0cbf6dd896e72741150e62187c9c75f3f9239c8344f46bd641dc55bb573
967	37233727	00967-37233727-abstract.txt	8ff197f1b48771b538b31dac4b1bb103432edd83f6c84d9cb4011c9d6f7e497b
968	37200213	00968-37200213-abstract.txt	612f2ad5a70cd2fb38fe43fd502b605fe1390be11bf100cb3bb34734dcb37916
969	37185048	00969-37185048-abstract.txt	4485120c61c778db7108a15ca5d46447c8ff6d859d5f41dffa0706a977f05c36
970	37141117	00970-37141117-abstract.txt	5edc5541c701541c21c9f3fe862441ad3ad4cb697d01992075de416746117d40
971	37235641	00971-37235641-abstract.txt	c1abe770108351cab4633c7738b9b1e9cda8e5e44fbe44b304c1c98367abb86d
972	37232277	00972-37232277-abstract.txt	e3c8b37ec2ef12ce8b2c3a5b3e98699e5fd5fb93d38de5c55afb7eb0e835116d
973	37227258	00973-37227258-abstract.txt	d8e9ecf05fcf9b23a0189645f4c0402ae4916c6e700b3ca79e3958b170d7b67a
974	37185109	00974-37185109-abstract.txt	8dd009d922c706820d0020f1da2aa01618d2f2d792df7ee69a1e864b2e798cf8
975	37185103	00975-37185103-abstract.txt	df17ce775e73da5cca6fb76b86aa617cbc6af11d76ead131d41488cede952658
976	37184922	00976-37184922-abstract.txt	91e88f617c6f055cda4030ce80c527e08afb996927de1384eafa01ea393b395c
977	37170869	00977-37170869-abstract.txt	63fc6e9ab687d5f7ee3410e2473ee7812d001260a55cd70f14ec6496fb175de5
978	37167093	00978-37167093-abstract.txt	292cba822eaebbd3fe5425160636ea2d51f31235a52c86ab4047f2f6dcdf6a13
979	37167075	00979-37167075-abstract.txt	fb9796de4ad59db30c441c5fd33e87ed6e18a8182828e49042e7a2100537fb86
980	37133916	00980-37133916-abstract.txt	9bebd1d43220dea57f758be8ddcc69662c32b9c2f57a9929e12b7a72149a7733
981	37252858	00981-37252858-abstract.txt	d9a32b0d2da0f5c6ace538bec9ee533425ea08dae556694d01d3408359ffd2ff
982	37216277	00982-37216277-abstract.txt	6e59aef8aae24b28e9e9a506599708b6923ee4577e27da12b06b2f1d69a4ab34
983	37204206	00983-37204206-abstract.txt	f90abbed06b38e9c8c5b9d1d60a25333fee4b3ba5fd03c5214354e7849fa84e5
984	37191981	00984-37191981-abstract.txt	2294cd1b24961dda51eed69dcaf3ebb0b9ebf3d0768f0ee017b2540dcc882730
985	37170868	00985-37170868-abstract.txt	cf7bd5fa606d84e23ba8d35e32be69cc8687b9f9fb1955379cdf149bcc34d189
986	37167094	00986-37167094-abstract.txt	41a170774623b794c02e5378909f52065b89f3c9c2211c8b8d5cc858a47608c4
987	35060849	00987-35060849-abstract.txt	1a22954cac7e669285d826977716b158408ba057a4dc299f6ee75af0f5f06c49
988	35084297	00988-35084297-abstract.txt	795ea8f47a21c3877889f13ba545866defab3df739ec22daab357c3d4153c143
989	37103464	00989-37103464-abstract.txt	3cf5e1be0d0525e3fb5f815ff87b945af2350d565178ec03da092638d0f9f141
990	37093733	00990-37093733-abstract.txt	db908866abaa1471a17da59892ad7a8a913b068abe8b196ed88be03a99c61c44
991	37079347	00991-37079347-abstract.txt	5704bb09043f034a7098a40782db6055e22e0ba88c3038b59929ba4713295f91
992	37074151	00992-37074151-abstract.txt	58ff92c862c40dece6dc51ca24f75bca886beacdc3188d81639c96d9e587b87e
993	37115616	00993-37115616-abstract.txt	00a403324532f583d7d0ccbf4999d39cf5eec4adba2b369d4972b41d47063752
994	37093715	00994-37093715-abstract.txt	d2c99beba655bd09f7a33a3949a866d699a344ece64907b2c336a48582525bfc
995	37083594	00995-37083594-abstract.txt	31debe3de95a42f44ccc12515bb0b51353f8c25c9cc824212b66a367391876da
996	37042839	00996-37042839-abstract.txt	8082019cf60dd98a8125f1be9ef8c1a3e3fb1535e30fcd5f63e09d0ee63e1b00
997	37042835	00997-37042835-abstract.txt	13b4af9cf237462a1016b153ddd1092c71265b7c9cf3d81d427d6369168997ba
998	37022748	00998-37022748-abstract.txt	0105cdb5718a7fda2696cfbd7f1a8dbca106e13e8ee90cceaf08c956af61519a
999	37014794	00999-37014794-abstract.txt	707c331a658731a6137b1c6bbbcd75e2bf42385b01927741a880a416b9a9085c
1000	37103330	01000-37103330-abstract.txt	31dfc35be8ed589ed871bdacdaa9a991eba4a83c1c812f545154d6a999e3a976
